20221101000000
20221101001500
20221101003000
20221101004500
20221101010000
20221101011500
20221101013000
20221101014500
20221101020000
20221101021500
20221101023000
20221101024500
20221101030000
20221101031500
20221101033000
20221101034500
20221101040000
20221101041500
20221101043000
20221101044500
20221101050000
20221101051500
20221101053000
20221101054500
20221101060000
20221101061500
20221101063000
20221101064500
20221101070000
20221101071500
20221101073000
20221101074500
20221101080000
20221101081500
20221101083000
20221101084500
20221101090000
20221101091500
20221101093000
20221101094500
20221101100000
20221101101500
20221101103000
20221101104500
20221101110000
20221101111500
20221101113000
20221101114500
20221101120000
20221101121500
20221101123000
20221101124500
20221101130000
20221101131500
20221101133000
20221101134500
20221101140000
20221101141500
20221101143000
20221101144500
20221101150000
20221101151500
20221101153000
20221101154500
20221101160000
20221101161500
20221101163000
20221101164500
20221101170000
20221101171500
20221101173000
20221101174500
20221101180000
20221101181500
20221101183000
20221101184500
20221101190000
20221101191500
20221101193000
20221101194500
20221101200000
20221101201500
20221101203000
20221101204500
20221101210000
20221101211500
20221101213000
20221101214500
20221101220000
20221101221500
20221101223000
20221101224500
20221101230000
20221101231500
20221101233000
20221101234500
20221102000000
20221102001500
20221102003000
20221102004500
20221102010000
20221102011500
20221102013000
20221102014500
20221102020000
20221102021500
20221102023000
20221102024500
20221102030000
20221102031500
20221102033000
20221102034500
20221102040000
20221102041500
20221102043000
20221102044500
20221102050000
20221102051500
20221102053000
20221102054500
20221102060000
20221102061500
20221102063000
20221102064500
20221102070000
20221102071500
20221102073000
20221102074500
20221102080000
20221102081500
20221102083000
20221102084500
20221102090000
20221102091500
20221102093000
20221102094500
20221102100000
20221102101500
20221102103000
20221102104500
20221102110000
20221102111500
20221102113000
20221102114500
20221102120000
20221102121500
20221102123000
20221102124500
20221102130000
20221102131500
20221102133000
20221102134500
20221102140000
20221102141500
20221102143000
20221102144500
20221102150000
20221102151500
20221102153000
20221102154500
20221102160000
20221102161500
20221102163000
20221102164500
20221102170000
20221102171500
20221102173000
20221102174500
20221102180000
20221102181500
20221102183000
20221102184500
20221102190000
20221102191500
20221102193000
20221102194500
20221102200000
20221102201500
20221102203000
20221102204500
20221102210000
20221102211500
20221102213000
20221102214500
20221102220000
20221102221500
20221102223000
20221102224500
20221102230000
20221102231500
20221102233000
20221102234500
20221103000000
20221103001500
20221103003000
20221103004500
20221103010000
20221103011500
20221103013000
20221103014500
20221103020000
20221103021500
20221103023000
20221103024500
20221103030000
20221103031500
20221103033000
20221103034500
20221103040000
20221103041500
20221103043000
20221103044500
20221103050000
20221103051500
20221103053000
20221103054500
20221103060000
20221103061500
20221103063000
20221103064500
20221103070000
20221103071500
20221103073000
20221103074500
20221103080000
20221103081500
20221103083000
20221103084500
20221103090000
20221103091500
20221103093000
20221103094500
20221103100000
20221103101500
20221103103000
20221103104500
20221103110000
20221103111500
20221103113000
20221103114500
20221103120000
20221103121500
20221103123000
20221103124500
20221103130000
20221103131500
20221103133000
20221103134500
20221103140000
20221103141500
20221103143000
20221103144500
20221103150000
20221103151500
20221103153000
20221103154500
20221103160000
20221103161500
20221103163000
20221103164500
20221103170000
20221103171500
20221103173000
20221103174500
20221103180000
20221103181500
20221103183000
20221103184500
20221103190000
20221103191500
20221103193000
20221103194500
20221103200000
20221103201500
20221103203000
20221103204500
20221103210000
20221103211500
20221103213000
20221103214500
20221103220000
20221103221500
20221103223000
20221103224500
20221103230000
20221103231500
20221103233000
20221103234500
20221104000000
20221104001500
20221104003000
20221104004500
20221104010000
20221104011500
20221104013000
20221104014500
20221104020000
20221104021500
20221104023000
20221104024500
20221104030000
20221104031500
20221104033000
20221104034500
20221104040000
20221104041500
20221104043000
20221104044500
20221104050000
20221104051500
20221104053000
20221104054500
20221104060000
20221104061500
20221104063000
20221104064500
20221104070000
20221104071500
20221104073000
20221104074500
20221104080000
20221104081500
20221104083000
20221104084500
20221104090000
20221104091500
20221104093000
20221104094500
20221104100000
20221104101500
20221104103000
20221104104500
20221104110000
20221104111500
20221104113000
20221104114500
20221104120000
20221104121500
20221104123000
20221104124500
20221104130000
20221104131500
20221104133000
20221104134500
20221104140000
20221104141500
20221104143000
20221104144500
20221104150000
20221104151500
20221104153000
20221104154500
20221104160000
20221104161500
20221104163000
20221104164500
20221104170000
20221104171500
20221104173000
20221104174500
20221104180000
20221104181500
20221104183000
20221104184500
20221104190000
20221104191500
20221104193000
20221104194500
20221104200000
20221104201500
20221104203000
20221104204500
20221104210000
20221104211500
20221104213000
20221104214500
20221104220000
20221104221500
20221104223000
20221104224500
20221104230000
20221104231500
20221104233000
20221104234500
20221105000000
20221105001500
20221105003000
20221105004500
20221105010000
20221105011500
20221105013000
20221105014500
20221105020000
20221105021500
20221105023000
20221105024500
20221105030000
20221105031500
20221105033000
20221105034500
20221105040000
20221105041500
20221105043000
20221105044500
20221105050000
20221105051500
20221105053000
20221105054500
20221105060000
20221105061500
20221105063000
20221105064500
20221105070000
20221105071500
20221105073000
20221105074500
20221105080000
20221105081500
20221105083000
20221105084500
20221105090000
20221105091500
20221105093000
20221105094500
20221105100000
20221105101500
20221105103000
20221105104500
20221105110000
20221105111500
20221105113000
20221105114500
20221105120000
20221105121500
20221105123000
20221105124500
20221105130000
20221105131500
20221105133000
20221105134500
20221105140000
20221105141500
20221105143000
20221105144500
20221105150000
20221105151500
20221105153000
20221105154500
20221105160000
20221105161500
20221105163000
20221105164500
20221105170000
20221105171500
20221105173000
20221105174500
20221105180000
20221105181500
20221105183000
20221105184500
20221105190000
20221105191500
20221105193000
20221105194500
20221105200000
20221105201500
20221105203000
20221105204500
20221105210000
20221105211500
20221105213000
20221105214500
20221105220000
20221105221500
20221105223000
20221105224500
20221105230000
20221105231500
20221105233000
20221105234500
20221106000000
20221106001500
20221106003000
20221106004500
20221106010000
20221106011500
20221106013000
20221106014500
20221106020000
20221106021500
20221106023000
20221106024500
20221106030000
20221106031500
20221106033000
20221106034500
20221106040000
20221106041500
20221106043000
20221106044500
20221106050000
20221106051500
20221106053000
20221106054500
20221106060000
20221106061500
20221106063000
20221106064500
20221106070000
20221106071500
20221106073000
20221106074500
20221106080000
20221106081500
20221106083000
20221106084500
20221106090000
20221106091500
20221106093000
20221106094500
20221106100000
20221106101500
20221106103000
20221106104500
20221106110000
20221106111500
20221106113000
20221106114500
20221106120000
20221106121500
20221106123000
20221106124500
20221106130000
20221106131500
20221106133000
20221106134500
20221106140000
20221106141500
20221106143000
20221106144500
20221106150000
20221106151500
20221106153000
20221106154500
20221106160000
20221106161500
20221106163000
20221106164500
20221106170000
20221106171500
20221106173000
20221106174500
20221106180000
20221106181500
20221106183000
20221106184500
20221106190000
20221106191500
20221106193000
20221106194500
20221106200000
20221106201500
20221106203000
20221106204500
20221106210000
20221106211500
20221106213000
20221106214500
20221106220000
20221106221500
20221106223000
20221106224500
20221106230000
20221106231500
20221106233000
20221106234500
20221107000000
20221107001500
20221107003000
20221107004500
20221107010000
20221107011500
20221107013000
20221107014500
20221107020000
20221107021500
20221107023000
20221107024500
20221107030000
20221107031500
20221107033000
20221107034500
20221107040000
20221107041500
20221107043000
20221107044500
20221107050000
20221107051500
20221107053000
20221107054500
20221107060000
20221107061500
20221107063000
20221107064500
20221107070000
20221107071500
20221107073000
20221107074500
20221107080000
20221107081500
20221107083000
20221107084500
20221107090000
20221107091500
20221107093000
20221107094500
20221107100000
20221107101500
20221107103000
20221107104500
20221107110000
20221107111500
20221107113000
20221107114500
20221107120000
20221107121500
20221107123000
20221107124500
20221107130000
20221107131500
20221107133000
20221107134500
20221107140000
20221107141500
20221107143000
20221107144500
20221107150000
20221107151500
20221107153000
20221107154500
20221107160000
20221107161500
20221107163000
20221107164500
20221107170000
20221107171500
20221107173000
20221107174500
20221107180000
20221107181500
20221107183000
20221107184500
20221107190000
20221107191500
20221107193000
20221107194500
20221107200000
20221107201500
20221107203000
20221107204500
20221107210000
20221107211500
20221107213000
20221107214500
20221107220000
20221107221500
20221107223000
20221107224500
20221107230000
20221107231500
20221107233000
20221107234500
20221108000000
20221108001500
20221108003000
20221108004500
20221108010000
20221108011500
20221108013000
20221108014500
20221108020000
20221108021500
20221108023000
20221108024500
20221108030000
20221108031500
20221108033000
20221108034500
20221108040000
20221108041500
20221108043000
20221108044500
20221108050000
20221108051500
20221108053000
20221108054500
20221108060000
20221108061500
20221108063000
20221108064500
20221108070000
20221108071500
20221108073000
20221108074500
20221108080000
20221108081500
20221108083000
20221108084500
20221108090000
20221108091500
20221108093000
20221108094500
20221108100000
20221108101500
20221108103000
20221108104500
20221108110000
20221108111500
20221108113000
20221108114500
20221108120000
20221108121500
20221108123000
20221108124500
20221108130000
20221108131500
20221108133000
20221108134500
20221108140000
20221108141500
20221108143000
20221108144500
20221108150000
20221108151500
20221108153000
20221108154500
20221108160000
20221108161500
20221108163000
20221108164500
20221108170000
20221108171500
20221108173000
20221108174500
20221108180000
20221108181500
20221108183000
20221108184500
20221108190000
20221108191500
20221108193000
20221108194500
20221108200000
20221108201500
20221108203000
20221108204500
20221108210000
20221108211500
20221108213000
20221108214500
20221108220000
20221108221500
20221108223000
20221108224500
20221108230000
20221108231500
20221108233000
20221108234500
20221109000000
20221109001500
20221109003000
20221109004500
20221109010000
20221109011500
20221109013000
20221109014500
20221109020000
20221109021500
20221109023000
20221109024500
20221109030000
20221109031500
20221109033000
20221109034500
20221109040000
20221109041500
20221109043000
20221109044500
20221109050000
20221109051500
20221109053000
20221109054500
20221109060000
20221109061500
20221109063000
20221109064500
20221109070000
20221109071500
20221109073000
20221109074500
20221109080000
20221109081500
20221109083000
20221109084500
20221109090000
20221109091500
20221109093000
20221109094500
20221109100000
20221109101500
20221109103000
20221109104500
20221109110000
20221109111500
20221109113000
20221109114500
20221109120000
20221109121500
20221109123000
20221109124500
20221109130000
20221109131500
20221109133000
20221109134500
20221109140000
20221109141500
20221109143000
20221109144500
20221109150000
20221109151500
20221109153000
20221109154500
20221109160000
20221109161500
20221109163000
20221109164500
20221109170000
20221109171500
20221109173000
20221109174500
20221109180000
20221109181500
20221109183000
20221109184500
20221109190000
20221109191500
20221109193000
20221109194500
20221109200000
20221109201500
20221109203000
20221109204500
20221109210000
20221109211500
20221109213000
20221109214500
20221109220000
20221109221500
20221109223000
20221109224500
20221109230000
20221109231500
20221109233000
20221109234500
20221110000000
20221110001500
20221110003000
20221110004500
20221110010000
20221110011500
20221110013000
20221110014500
20221110020000
20221110021500
20221110023000
20221110024500
20221110030000
20221110031500
20221110033000
20221110034500
20221110040000
20221110041500
20221110043000
20221110044500
20221110050000
20221110051500
20221110053000
20221110054500
20221110060000
20221110061500
20221110063000
20221110064500
20221110070000
20221110071500
20221110073000
20221110074500
20221110080000
20221110081500
20221110083000
20221110084500
20221110090000
20221110091500
20221110093000
20221110094500
20221110100000
20221110101500
20221110103000
20221110104500
20221110110000
20221110111500
20221110113000
20221110114500
20221110120000
20221110121500
20221110123000
20221110124500
20221110130000
20221110131500
20221110133000
20221110134500
20221110140000
20221110141500
20221110143000
20221110144500
20221110150000
20221110151500
20221110153000
20221110154500
20221110160000
20221110161500
20221110163000
20221110164500
20221110170000
20221110171500
20221110173000
20221110174500
20221110180000
20221110181500
20221110183000
20221110184500
20221110190000
20221110191500
20221110193000
20221110194500
20221110200000
20221110201500
20221110203000
20221110204500
20221110210000
20221110211500
20221110213000
20221110214500
20221110220000
20221110221500
20221110223000
20221110224500
20221110230000
20221110231500
20221110233000
20221110234500
20221111000000
20221111001500
20221111003000
20221111004500
20221111010000
20221111011500
20221111013000
20221111014500
20221111020000
20221111021500
20221111023000
20221111024500
20221111030000
20221111031500
20221111033000
20221111034500
20221111040000
20221111041500
20221111043000
20221111044500
20221111050000
20221111051500
20221111053000
20221111054500
20221111060000
20221111061500
20221111063000
20221111064500
20221111070000
20221111071500
20221111073000
20221111074500
20221111080000
20221111081500
20221111083000
20221111084500
20221111090000
20221111091500
20221111093000
20221111094500
20221111100000
20221111101500
20221111103000
20221111104500
20221111110000
20221111111500
20221111113000
20221111114500
20221111120000
20221111121500
20221111123000
20221111124500
20221111130000
20221111131500
20221111133000
20221111134500
20221111140000
20221111141500
20221111143000
20221111144500
20221111150000
20221111151500
20221111153000
20221111154500
20221111160000
20221111161500
20221111163000
20221111164500
20221111170000
20221111171500
20221111173000
20221111174500
20221111180000
20221111181500
20221111183000
20221111184500
20221111190000
20221111191500
20221111193000
20221111194500
20221111200000
20221111201500
20221111203000
20221111204500
20221111210000
20221111211500
20221111213000
20221111214500
20221111220000
20221111221500
20221111223000
20221111224500
20221111230000
20221111231500
20221111233000
20221111234500
20221112000000
20221112001500
20221112003000
20221112004500
20221112010000
20221112011500
20221112013000
20221112014500
20221112020000
20221112021500
20221112023000
20221112024500
20221112030000
20221112031500
20221112033000
20221112034500
20221112040000
20221112041500
20221112043000
20221112044500
20221112050000
20221112051500
20221112053000
20221112054500
20221112060000
20221112061500
20221112063000
20221112064500
20221112070000
20221112071500
20221112073000
20221112074500
20221112080000
20221112081500
20221112083000
20221112084500
20221112090000
20221112091500
20221112093000
20221112094500
20221112100000
20221112101500
20221112103000
20221112104500
20221112110000
20221112111500
20221112113000
20221112114500
20221112120000
20221112121500
20221112123000
20221112124500
20221112130000
20221112131500
20221112133000
20221112134500
20221112140000
20221112141500
20221112143000
20221112144500
20221112150000
20221112151500
20221112153000
20221112154500
20221112160000
20221112161500
20221112163000
20221112164500
20221112170000
20221112171500
20221112173000
20221112174500
20221112180000
20221112181500
20221112183000
20221112184500
20221112190000
20221112191500
20221112193000
20221112194500
20221112200000
20221112201500
20221112203000
20221112204500
20221112210000
20221112211500
20221112213000
20221112214500
20221112220000
20221112221500
20221112223000
20221112224500
20221112230000
20221112231500
20221112233000
20221112234500
20221113000000
20221113001500
20221113003000
20221113004500
20221113010000
20221113011500
20221113013000
20221113014500
20221113020000
20221113021500
20221113023000
20221113024500
20221113030000
20221113031500
20221113033000
20221113034500
20221113040000
20221113041500
20221113043000
20221113044500
20221113050000
20221113051500
20221113053000
20221113054500
20221113060000
20221113061500
20221113063000
20221113064500
20221113070000
20221113071500
20221113073000
20221113074500
20221113080000
20221113081500
20221113083000
20221113084500
20221113090000
20221113091500
20221113093000
20221113094500
20221113100000
20221113101500
20221113103000
20221113104500
20221113110000
20221113111500
20221113113000
20221113114500
20221113120000
20221113121500
20221113123000
20221113124500
20221113130000
20221113131500
20221113133000
20221113134500
20221113140000
20221113141500
20221113143000
20221113144500
20221113150000
20221113151500
20221113153000
20221113154500
20221113160000
20221113161500
20221113163000
20221113164500
20221113170000
20221113171500
20221113173000
20221113174500
20221113180000
20221113181500
20221113183000
20221113184500
20221113190000
20221113191500
20221113193000
20221113194500
20221113200000
20221113201500
20221113203000
20221113204500
20221113210000
20221113211500
20221113213000
20221113214500
20221113220000
20221113221500
20221113223000
20221113224500
20221113230000
20221113231500
20221113233000
20221113234500
20221114000000
20221114001500
20221114003000
20221114004500
20221114010000
20221114011500
20221114013000
20221114014500
20221114020000
20221114021500
20221114023000
20221114024500
20221114030000
20221114031500
20221114033000
20221114034500
20221114040000
20221114041500
20221114043000
20221114044500
20221114050000
20221114051500
20221114053000
20221114054500
20221114060000
20221114061500
20221114063000
20221114064500
20221114070000
20221114071500
20221114073000
20221114074500
20221114080000
20221114081500
20221114083000
20221114084500
20221114090000
20221114091500
20221114093000
20221114094500
20221114100000
20221114101500
20221114103000
20221114104500
20221114110000
20221114111500
20221114113000
20221114114500
20221114120000
20221114121500
20221114123000
20221114124500
20221114130000
20221114131500
20221114133000
20221114134500
20221114140000
20221114141500
20221114143000
20221114144500
20221114150000
20221114151500
20221114153000
20221114154500
20221114160000
20221114161500
20221114163000
20221114164500
20221114170000
20221114171500
20221114173000
20221114174500
20221114180000
20221114181500
20221114183000
20221114184500
20221114190000
20221114191500
20221114193000
20221114194500
20221114200000
20221114201500
20221114203000
20221114204500
20221114210000
20221114211500
20221114213000
20221114214500
20221114220000
20221114221500
20221114223000
20221114224500
20221114230000
20221114231500
20221114233000
20221114234500
20221115000000
20221115001500
20221115003000
20221115004500
20221115010000
20221115011500
20221115013000
20221115014500
20221115020000
20221115021500
20221115023000
20221115024500
20221115030000
20221115031500
20221115033000
20221115034500
20221115040000
20221115041500
20221115043000
20221115044500
20221115050000
20221115051500
20221115053000
20221115054500
20221115060000
20221115061500
20221115063000
20221115064500
20221115070000
20221115071500
20221115073000
20221115074500
20221115080000
20221115081500
20221115083000
20221115084500
20221115090000
20221115091500
20221115093000
20221115094500
20221115100000
20221115101500
20221115103000
20221115104500
20221115110000
20221115111500
20221115113000
20221115114500
20221115120000
20221115121500
20221115123000
20221115124500
20221115130000
20221115131500
20221115133000
20221115134500
20221115140000
20221115141500
20221115143000
20221115144500
20221115150000
20221115151500
20221115153000
20221115154500
20221115160000
20221115161500
20221115163000
20221115164500
20221115170000
20221115171500
20221115173000
20221115174500
20221115180000
20221115181500
20221115183000
20221115184500
20221115190000
20221115191500
20221115193000
20221115194500
20221115200000
20221115201500
20221115203000
20221115204500
20221115210000
20221115211500
20221115213000
20221115214500
20221115220000
20221115221500
20221115223000
20221115224500
20221115230000
20221115231500
20221115233000
20221115234500
20221116000000
20221116001500
20221116003000
20221116004500
20221116010000
20221116011500
20221116013000
20221116014500
20221116020000
20221116021500
20221116023000
20221116024500
20221116030000
20221116031500
20221116033000
20221116034500
20221116040000
20221116041500
20221116043000
20221116044500
20221116050000
20221116051500
20221116053000
20221116054500
20221116060000
20221116061500
20221116063000
20221116064500
20221116070000
20221116071500
20221116073000
20221116074500
20221116080000
20221116081500
20221116083000
20221116084500
20221116090000
20221116091500
20221116093000
20221116094500
20221116100000
20221116101500
20221116103000
20221116104500
20221116110000
20221116111500
20221116113000
20221116114500
20221116120000
20221116121500
20221116123000
20221116124500
20221116130000
20221116131500
20221116133000
20221116134500
20221116140000
20221116141500
20221116143000
20221116144500
20221116150000
20221116151500
20221116153000
20221116154500
20221116160000
20221116161500
20221116163000
20221116164500
20221116170000
20221116171500
20221116173000
20221116174500
20221116180000
20221116181500
20221116183000
20221116184500
20221116190000
20221116191500
20221116193000
20221116194500
20221116200000
20221116201500
20221116203000
20221116204500
20221116210000
20221116211500
20221116213000
20221116214500
20221116220000
20221116221500
20221116223000
20221116224500
20221116230000
20221116231500
20221116233000
20221116234500
20221117000000
20221117001500
20221117003000
20221117004500
20221117010000
20221117011500
20221117013000
20221117014500
20221117020000
20221117021500
20221117023000
20221117024500
20221117030000
20221117031500
20221117033000
20221117034500
20221117040000
20221117041500
20221117043000
20221117044500
20221117050000
20221117051500
20221117053000
20221117054500
20221117060000
20221117061500
20221117063000
20221117064500
20221117070000
20221117071500
20221117073000
20221117074500
20221117080000
20221117081500
20221117083000
20221117084500
20221117090000
20221117091500
20221117093000
20221117094500
20221117100000
20221117101500
20221117103000
20221117104500
20221117110000
20221117111500
20221117113000
20221117114500
20221117120000
20221117121500
20221117123000
20221117124500
20221117130000
20221117131500
20221117133000
20221117134500
20221117140000
20221117141500
20221117143000
20221117144500
20221117150000
20221117151500
20221117153000
20221117154500
20221117160000
20221117161500
20221117163000
20221117164500
20221117170000
20221117171500
20221117173000
20221117174500
20221117180000
20221117181500
20221117183000
20221117184500
20221117190000
20221117191500
20221117193000
20221117194500
20221117200000
20221117201500
20221117203000
20221117204500
20221117210000
20221117211500
20221117213000
20221117214500
20221117220000
20221117221500
20221117223000
20221117224500
20221117230000
20221117231500
20221117233000
20221117234500
20221118000000
20221118001500
20221118003000
20221118004500
20221118010000
20221118011500
20221118013000
20221118014500
20221118020000
20221118021500
20221118023000
20221118024500
20221118030000
20221118031500
20221118033000
20221118034500
20221118040000
20221118041500
20221118043000
20221118044500
20221118050000
20221118051500
20221118053000
20221118054500
20221118060000
20221118061500
20221118063000
20221118064500
20221118070000
20221118071500
20221118073000
20221118074500
20221118080000
20221118081500
20221118083000
20221118084500
20221118090000
20221118091500
20221118093000
20221118094500
20221118100000
20221118101500
20221118103000
20221118104500
20221118110000
20221118111500
20221118113000
20221118114500
20221118120000
20221118121500
20221118123000
20221118124500
20221118130000
20221118131500
20221118133000
20221118134500
20221118140000
20221118141500
20221118143000
20221118144500
20221118150000
20221118151500
20221118153000
20221118154500
20221118160000
20221118161500
20221118163000
20221118164500
20221118170000
20221118171500
20221118173000
20221118174500
20221118180000
20221118181500
20221118183000
20221118184500
20221118190000
20221118191500
20221118193000
20221118194500
20221118200000
20221118201500
20221118203000
20221118204500
20221118210000
20221118211500
20221118213000
20221118214500
20221118220000
20221118221500
20221118223000
20221118224500
20221118230000
20221118231500
20221118233000
20221118234500
20221119000000
20221119001500
20221119003000
20221119004500
20221119010000
20221119011500
20221119013000
20221119014500
20221119020000
20221119021500
20221119023000
20221119024500
20221119030000
20221119031500
20221119033000
20221119034500
20221119040000
20221119041500
20221119043000
20221119044500
20221119050000
20221119051500
20221119053000
20221119054500
20221119060000
20221119061500
20221119063000
20221119064500
20221119070000
20221119071500
20221119073000
20221119074500
20221119080000
20221119081500
20221119083000
20221119084500
20221119090000
20221119091500
20221119093000
20221119094500
20221119100000
20221119101500
20221119103000
20221119104500
20221119110000
20221119111500
20221119113000
20221119114500
20221119120000
20221119121500
20221119123000
20221119124500
20221119130000
20221119131500
20221119133000
20221119134500
20221119140000
20221119141500
20221119143000
20221119144500
20221119150000
20221119151500
20221119153000
20221119154500
20221119160000
20221119161500
20221119163000
20221119164500
20221119170000
20221119171500
20221119173000
20221119174500
20221119180000
20221119181500
20221119183000
20221119184500
20221119190000
20221119191500
20221119193000
20221119194500
20221119200000
20221119201500
20221119203000
20221119204500
20221119210000
20221119211500
20221119213000
20221119214500
20221119220000
20221119221500
20221119223000
20221119224500
20221119230000
20221119231500
20221119233000
20221119234500
20221120000000
20221120001500
20221120003000
20221120004500
20221120010000
20221120011500
20221120013000
20221120014500
20221120020000
20221120021500
20221120023000
20221120024500
20221120030000
20221120031500
20221120033000
20221120034500
20221120040000
20221120041500
20221120043000
20221120044500
20221120050000
20221120051500
20221120053000
20221120054500
20221120060000
20221120061500
20221120063000
20221120064500
20221120070000
20221120071500
20221120073000
20221120074500
20221120080000
20221120081500
20221120083000
20221120084500
20221120090000
20221120091500
20221120093000
20221120094500
20221120100000
20221120101500
20221120103000
20221120104500
20221120110000
20221120111500
20221120113000
20221120114500
20221120120000
20221120121500
20221120123000
20221120124500
20221120130000
20221120131500
20221120133000
20221120134500
20221120140000
20221120141500
20221120143000
20221120144500
20221120150000
20221120151500
20221120153000
20221120154500
20221120160000
20221120161500
20221120163000
20221120164500
20221120170000
20221120171500
20221120173000
20221120174500
20221120180000
20221120181500
20221120183000
20221120184500
20221120190000
20221120191500
20221120193000
20221120194500
20221120200000
20221120201500
20221120203000
20221120204500
20221120210000
20221120211500
20221120213000
20221120214500
20221120220000
20221120221500
20221120223000
20221120224500
20221120230000
20221120231500
20221120233000
20221120234500
20221121000000
20221121001500
20221121003000
20221121004500
20221121010000
20221121011500
20221121013000
20221121014500
20221121020000
20221121021500
20221121023000
20221121024500
20221121030000
20221121031500
20221121033000
20221121034500
20221121040000
20221121041500
20221121043000
20221121044500
20221121050000
20221121051500
20221121053000
20221121054500
20221121060000
20221121061500
20221121063000
20221121064500
20221121070000
20221121071500
20221121073000
20221121074500
20221121080000
20221121081500
20221121083000
20221121084500
20221121090000
20221121091500
20221121093000
20221121094500
20221121100000
20221121101500
20221121103000
20221121104500
20221121110000
20221121111500
20221121113000
20221121114500
20221121120000
20221121121500
20221121123000
20221121124500
20221121130000
20221121131500
20221121133000
20221121134500
20221121140000
20221121141500
20221121143000
20221121144500
20221121150000
20221121151500
20221121153000
20221121154500
20221121160000
20221121161500
20221121163000
20221121164500
20221121170000
20221121171500
20221121173000
20221121174500
20221121180000
20221121181500
20221121183000
20221121184500
20221121190000
20221121191500
20221121193000
20221121194500
20221121200000
20221121201500
20221121203000
20221121204500
20221121210000
20221121211500
20221121213000
20221121214500
20221121220000
20221121221500
20221121223000
20221121224500
20221121230000
20221121231500
20221121233000
20221121234500
20221122000000
20221122001500
20221122003000
20221122004500
20221122010000
20221122011500
20221122013000
20221122014500
20221122020000
20221122021500
20221122023000
20221122024500
20221122030000
20221122031500
20221122033000
20221122034500
20221122040000
20221122041500
20221122043000
20221122044500
20221122050000
20221122051500
20221122053000
20221122054500
20221122060000
20221122061500
20221122063000
20221122064500
20221122070000
20221122071500
20221122073000
20221122074500
20221122080000
20221122081500
20221122083000
20221122084500
20221122090000
20221122091500
20221122093000
20221122094500
20221122100000
20221122101500
20221122103000
20221122104500
20221122110000
20221122111500
20221122113000
20221122114500
20221122120000
20221122121500
20221122123000
20221122124500
20221122130000
20221122131500
20221122133000
20221122134500
20221122140000
20221122141500
20221122143000
20221122144500
20221122150000
20221122151500
20221122153000
20221122154500
20221122160000
20221122161500
20221122163000
20221122164500
20221122170000
20221122171500
20221122173000
20221122174500
20221122180000
20221122181500
20221122183000
20221122184500
20221122190000
20221122191500
20221122193000
20221122194500
20221122200000
20221122201500
20221122203000
20221122204500
20221122210000
20221122211500
20221122213000
20221122214500
20221122220000
20221122221500
20221122223000
20221122224500
20221122230000
20221122231500
20221122233000
20221122234500
20221123000000
20221123001500
20221123003000
20221123004500
20221123010000
20221123011500
20221123013000
20221123014500
20221123020000
20221123021500
20221123023000
20221123024500
20221123030000
20221123031500
20221123033000
20221123034500
20221123040000
20221123041500
20221123043000
20221123044500
20221123050000
20221123051500
20221123053000
20221123054500
20221123060000
20221123061500
20221123063000
20221123064500
20221123070000
20221123071500
20221123073000
20221123074500
20221123080000
20221123081500
20221123083000
20221123084500
20221123090000
20221123091500
20221123093000
20221123094500
20221123100000
20221123101500
20221123103000
20221123104500
20221123110000
20221123111500
20221123113000
20221123114500
20221123120000
20221123121500
20221123123000
20221123124500
20221123130000
20221123131500
20221123133000
20221123134500
20221123140000
20221123141500
20221123143000
20221123144500
20221123150000
20221123151500
20221123153000
20221123154500
20221123160000
20221123161500
20221123163000
20221123164500
20221123170000
20221123171500
20221123173000
20221123174500
20221123180000
20221123181500
20221123183000
20221123184500
20221123190000
20221123191500
20221123193000
20221123194500
20221123200000
20221123201500
20221123203000
20221123204500
20221123210000
20221123211500
20221123213000
20221123214500
20221123220000
20221123221500
20221123223000
20221123224500
20221123230000
20221123231500
20221123233000
20221123234500
20221124000000
20221124001500
20221124003000
20221124004500
20221124010000
20221124011500
20221124013000
20221124014500
20221124020000
20221124021500
20221124023000
20221124024500
20221124030000
20221124031500
20221124033000
20221124034500
20221124040000
20221124041500
20221124043000
20221124044500
20221124050000
20221124051500
20221124053000
20221124054500
20221124060000
20221124061500
20221124063000
20221124064500
20221124070000
20221124071500
20221124073000
20221124074500
20221124080000
20221124081500
20221124083000
20221124084500
20221124090000
20221124091500
20221124093000
20221124094500
20221124100000
20221124101500
20221124103000
20221124104500
20221124110000
20221124111500
20221124113000
20221124114500
20221124120000
20221124121500
20221124123000
20221124124500
20221124130000
20221124131500
20221124133000
20221124134500
20221124140000
20221124141500
20221124143000
20221124144500
20221124150000
20221124151500
20221124153000
20221124154500
20221124160000
20221124161500
20221124163000
20221124164500
20221124170000
20221124171500
20221124173000
20221124174500
20221124180000
20221124181500
20221124183000
20221124184500
20221124190000
20221124191500
20221124193000
20221124194500
20221124200000
20221124201500
20221124203000
20221124204500
20221124210000
20221124211500
20221124213000
20221124214500
20221124220000
20221124221500
20221124223000
20221124224500
20221124230000
20221124231500
20221124233000
20221124234500
20221125000000
20221125001500
20221125003000
20221125004500
20221125010000
20221125011500
20221125013000
20221125014500
20221125020000
20221125021500
20221125023000
20221125024500
20221125030000
20221125031500
20221125033000
20221125034500
20221125040000
20221125041500
20221125043000
20221125044500
20221125050000
20221125051500
20221125053000
20221125054500
20221125060000
20221125061500
20221125063000
20221125064500
20221125070000
20221125071500
20221125073000
20221125074500
20221125080000
20221125081500
20221125083000
20221125084500
20221125090000
20221125091500
20221125093000
20221125094500
20221125100000
20221125101500
20221125103000
20221125104500
20221125110000
20221125111500
20221125113000
20221125114500
20221125120000
20221125121500
20221125123000
20221125124500
20221125130000
20221125131500
20221125133000
20221125134500
20221125140000
20221125141500
20221125143000
20221125144500
20221125150000
20221125151500
20221125153000
20221125154500
20221125160000
20221125161500
20221125163000
20221125164500
20221125170000
20221125171500
20221125173000
20221125174500
20221125180000
20221125181500
20221125183000
20221125184500
20221125190000
20221125191500
20221125193000
20221125194500
20221125200000
20221125201500
20221125203000
20221125204500
20221125210000
20221125211500
20221125213000
20221125214500
20221125220000
20221125221500
20221125223000
20221125224500
20221125230000
20221125231500
20221125233000
20221125234500
20221126000000
20221126001500
20221126003000
20221126004500
20221126010000
20221126011500
20221126013000
20221126014500
20221126020000
20221126021500
20221126023000
20221126024500
20221126030000
20221126031500
20221126033000
20221126034500
20221126040000
20221126041500
20221126043000
20221126044500
20221126050000
20221126051500
20221126053000
20221126054500
20221126060000
20221126061500
20221126063000
20221126064500
20221126070000
20221126071500
20221126073000
20221126074500
20221126080000
20221126081500
20221126083000
20221126084500
20221126090000
20221126091500
20221126093000
20221126094500
20221126100000
20221126101500
20221126103000
20221126104500
20221126110000
20221126111500
20221126113000
20221126114500
20221126120000
20221126121500
20221126123000
20221126124500
20221126130000
20221126131500
20221126133000
20221126134500
20221126140000
20221126141500
20221126143000
20221126144500
20221126150000
20221126151500
20221126153000
20221126154500
20221126160000
20221126161500
20221126163000
20221126164500
20221126170000
20221126171500
20221126173000
20221126174500
20221126180000
20221126181500
20221126183000
20221126184500
20221126190000
20221126191500
20221126193000
20221126194500
20221126200000
20221126201500
20221126203000
20221126204500
20221126210000
20221126211500
20221126213000
20221126214500
20221126220000
20221126221500
20221126223000
20221126224500
20221126230000
20221126231500
20221126233000
20221126234500
20221127000000
20221127001500
20221127003000
20221127004500
20221127010000
20221127011500
20221127013000
20221127014500
20221127020000
20221127021500
20221127023000
20221127024500
20221127030000
20221127031500
20221127033000
20221127034500
20221127040000
20221127041500
20221127043000
20221127044500
20221127050000
20221127051500
20221127053000
20221127054500
20221127060000
20221127061500
20221127063000
20221127064500
20221127070000
20221127071500
20221127073000
20221127074500
20221127080000
20221127081500
20221127083000
20221127084500
20221127090000
20221127091500
20221127093000
20221127094500
20221127100000
20221127101500
20221127103000
20221127104500
20221127110000
20221127111500
20221127113000
20221127114500
20221127120000
20221127121500
20221127123000
20221127124500
20221127130000
20221127131500
20221127133000
20221127134500
20221127140000
20221127141500
20221127143000
20221127144500
20221127150000
20221127151500
20221127153000
20221127154500
20221127160000
20221127161500
20221127163000
20221127164500
20221127170000
20221127171500
20221127173000
20221127174500
20221127180000
20221127181500
20221127183000
20221127184500
20221127190000
20221127191500
20221127193000
20221127194500
20221127200000
20221127201500
20221127203000
20221127204500
20221127210000
20221127211500
20221127213000
20221127214500
20221127220000
20221127221500
20221127223000
20221127224500
20221127230000
20221127231500
20221127233000
20221127234500
20221128000000
20221128001500
20221128003000
20221128004500
20221128010000
20221128011500
20221128013000
20221128014500
20221128020000
20221128021500
20221128023000
20221128024500
20221128030000
20221128031500
20221128033000
20221128034500
20221128040000
20221128041500
20221128043000
20221128044500
20221128050000
20221128051500
20221128053000
20221128054500
20221128060000
20221128061500
20221128063000
20221128064500
20221128070000
20221128071500
20221128073000
20221128074500
20221128080000
20221128081500
20221128083000
20221128084500
20221128090000
20221128091500
20221128093000
20221128094500
20221128100000
20221128101500
20221128103000
20221128104500
20221128110000
20221128111500
20221128113000
20221128114500
20221128120000
20221128121500
20221128123000
20221128124500
20221128130000
20221128131500
20221128133000
20221128134500
20221128140000
20221128141500
20221128143000
20221128144500
20221128150000
20221128151500
20221128153000
20221128154500
20221128160000
20221128161500
20221128163000
20221128164500
20221128170000
20221128171500
20221128173000
20221128174500
20221128180000
20221128181500
20221128183000
20221128184500
20221128190000
20221128191500
20221128193000
20221128194500
20221128200000
20221128201500
20221128203000
20221128204500
20221128210000
20221128211500
20221128213000
20221128214500
20221128220000
20221128221500
20221128223000
20221128224500
20221128230000
20221128231500
20221128233000
20221128234500
20221129000000
20221129001500
20221129003000
20221129004500
20221129010000
20221129011500
20221129013000
20221129014500
20221129020000
20221129021500
20221129023000
20221129024500
20221129030000
20221129031500
20221129033000
20221129034500
20221129040000
20221129041500
20221129043000
20221129044500
20221129050000
20221129051500
20221129053000
20221129054500
20221129060000
20221129061500
20221129063000
20221129064500
20221129070000
20221129071500
20221129073000
20221129074500
20221129080000
20221129081500
20221129083000
20221129084500
20221129090000
20221129091500
20221129093000
20221129094500
20221129100000
20221129101500
20221129103000
20221129104500
20221129110000
20221129111500
20221129113000
20221129114500
20221129120000
20221129121500
20221129123000
20221129124500
20221129130000
20221129131500
20221129133000
20221129134500
20221129140000
20221129141500
20221129143000
20221129144500
20221129150000
20221129151500
20221129153000
20221129154500
20221129160000
20221129161500
20221129163000
20221129164500
20221129170000
20221129171500
20221129173000
20221129174500
20221129180000
20221129181500
20221129183000
20221129184500
20221129190000
20221129191500
20221129193000
20221129194500
20221129200000
20221129201500
20221129203000
20221129204500
20221129210000
20221129211500
20221129213000
20221129214500
20221129220000
20221129221500
20221129223000
20221129224500
20221129230000
20221129231500
20221129233000
20221129234500
20221130000000
20221130001500
20221130003000
20221130004500
20221130010000
20221130011500
20221130013000
20221130014500
20221130020000
20221130021500
20221130023000
20221130024500
20221130030000
20221130031500
20221130033000
20221130034500
20221130040000
20221130041500
20221130043000
20221130044500
20221130050000
20221130051500
20221130053000
20221130054500
20221130060000
20221130061500
20221130063000
20221130064500
20221130070000
20221130071500
20221130073000
20221130074500
20221130080000
20221130081500
20221130083000
20221130084500
20221130090000
20221130091500
20221130093000
20221130094500
20221130100000
20221130101500
20221130103000
20221130104500
20221130110000
20221130111500
20221130113000
20221130114500
20221130120000
20221130121500
20221130123000
20221130124500
20221130130000
20221130131500
20221130133000
20221130134500
20221130140000
20221130141500
20221130143000
20221130144500
20221130150000
20221130151500
20221130153000
20221130154500
20221130160000
20221130161500
20221130163000
20221130164500
20221130170000
20221130171500
20221130173000
20221130174500
20221130180000
20221130181500
20221130183000
20221130184500
20221130190000
20221130191500
20221130193000
20221130194500
20221130200000
20221130201500
20221130203000
20221130204500
20221130210000
20221130211500
20221130213000
20221130214500
20221130220000
20221130221500
20221130223000
20221130224500
20221130230000
20221130231500
20221130233000
20221130234500
20221201000000
20221201001500
20221201003000
20221201004500
20221201010000
20221201011500
20221201013000
20221201014500
20221201020000
20221201021500
20221201023000
20221201024500
20221201030000
20221201031500
20221201033000
20221201034500
20221201040000
20221201041500
20221201043000
20221201044500
20221201050000
20221201051500
20221201053000
20221201054500
20221201060000
20221201061500
20221201063000
20221201064500
20221201070000
20221201071500
20221201073000
20221201074500
20221201080000
20221201081500
20221201083000
20221201084500
20221201090000
20221201091500
20221201093000
20221201094500
20221201100000
20221201101500
20221201103000
20221201104500
20221201110000
20221201111500
20221201113000
20221201114500
20221201120000
20221201121500
20221201123000
20221201124500
20221201130000
20221201131500
20221201133000
20221201134500
20221201140000
20221201141500
20221201143000
20221201144500
20221201150000
20221201151500
20221201153000
20221201154500
20221201160000
20221201161500
20221201163000
20221201164500
20221201170000
20221201171500
20221201173000
20221201174500
20221201180000
20221201181500
20221201183000
20221201184500
20221201190000
20221201191500
20221201193000
20221201194500
20221201200000
20221201201500
20221201203000
20221201204500
20221201210000
20221201211500
20221201213000
20221201214500
20221201220000
20221201221500
20221201223000
20221201224500
20221201230000
20221201231500
20221201233000
20221201234500
20221202000000
20221202001500
20221202003000
20221202004500
20221202010000
20221202011500
20221202013000
20221202014500
20221202020000
20221202021500
20221202023000
20221202024500
20221202030000
20221202031500
20221202033000
20221202034500
20221202040000
20221202041500
20221202043000
20221202044500
20221202050000
20221202051500
20221202053000
20221202054500
20221202060000
20221202061500
20221202063000
20221202064500
20221202070000
20221202071500
20221202073000
20221202074500
20221202080000
20221202081500
20221202083000
20221202084500
20221202090000
20221202091500
20221202093000
20221202094500
20221202100000
20221202101500
20221202103000
20221202104500
20221202110000
20221202111500
20221202113000
20221202114500
20221202120000
20221202121500
20221202123000
20221202124500
20221202130000
20221202131500
20221202133000
20221202134500
20221202140000
20221202141500
20221202143000
20221202144500
20221202150000
20221202151500
20221202153000
20221202154500
20221202160000
20221202161500
20221202163000
20221202164500
20221202170000
20221202171500
20221202173000
20221202174500
20221202180000
20221202181500
20221202183000
20221202184500
20221202190000
20221202191500
20221202193000
20221202194500
20221202200000
20221202201500
20221202203000
20221202204500
20221202210000
20221202211500
20221202213000
20221202214500
20221202220000
20221202221500
20221202223000
20221202224500
20221202230000
20221202231500
20221202233000
20221202234500
20221203000000
20221203001500
20221203003000
20221203004500
20221203010000
20221203011500
20221203013000
20221203014500
20221203020000
20221203021500
20221203023000
20221203024500
20221203030000
20221203031500
20221203033000
20221203034500
20221203040000
20221203041500
20221203043000
20221203044500
20221203050000
20221203051500
20221203053000
20221203054500
20221203060000
20221203061500
20221203063000
20221203064500
20221203070000
20221203071500
20221203073000
20221203074500
20221203080000
20221203081500
20221203083000
20221203084500
20221203090000
20221203091500
20221203093000
20221203094500
20221203100000
20221203101500
20221203103000
20221203104500
20221203110000
20221203111500
20221203113000
20221203114500
20221203120000
20221203121500
20221203123000
20221203124500
20221203130000
20221203131500
20221203133000
20221203134500
20221203140000
20221203141500
20221203143000
20221203144500
20221203150000
20221203151500
20221203153000
20221203154500
20221203160000
20221203161500
20221203163000
20221203164500
20221203170000
20221203171500
20221203173000
20221203174500
20221203180000
20221203181500
20221203183000
20221203184500
20221203190000
20221203191500
20221203193000
20221203194500
20221203200000
20221203201500
20221203203000
20221203204500
20221203210000
20221203211500
20221203213000
20221203214500
20221203220000
20221203221500
20221203223000
20221203224500
20221203230000
20221203231500
20221203233000
20221203234500
20221204000000
20221204001500
20221204003000
20221204004500
20221204010000
20221204011500
20221204013000
20221204014500
20221204020000
20221204021500
20221204023000
20221204024500
20221204030000
20221204031500
20221204033000
20221204034500
20221204040000
20221204041500
20221204043000
20221204044500
20221204050000
20221204051500
20221204053000
20221204054500
20221204060000
20221204061500
20221204063000
20221204064500
20221204070000
20221204071500
20221204073000
20221204074500
20221204080000
20221204081500
20221204083000
20221204084500
20221204090000
20221204091500
20221204093000
20221204094500
20221204100000
20221204101500
20221204103000
20221204104500
20221204110000
20221204111500
20221204113000
20221204114500
20221204120000
20221204121500
20221204123000
20221204124500
20221204130000
20221204131500
20221204133000
20221204134500
20221204140000
20221204141500
20221204143000
20221204144500
20221204150000
20221204151500
20221204153000
20221204154500
20221204160000
20221204161500
20221204163000
20221204164500
20221204170000
20221204171500
20221204173000
20221204174500
20221204180000
20221204181500
20221204183000
20221204184500
20221204190000
20221204191500
20221204193000
20221204194500
20221204200000
20221204201500
20221204203000
20221204204500
20221204210000
20221204211500
20221204213000
20221204214500
20221204220000
20221204221500
20221204223000
20221204224500
20221204230000
20221204231500
20221204233000
20221204234500
20221205000000
20221205001500
20221205003000
20221205004500
20221205010000
20221205011500
20221205013000
20221205014500
20221205020000
20221205021500
20221205023000
20221205024500
20221205030000
20221205031500
20221205033000
20221205034500
20221205040000
20221205041500
20221205043000
20221205044500
20221205050000
20221205051500
20221205053000
20221205054500
20221205060000
20221205061500
20221205063000
20221205064500
20221205070000
20221205071500
20221205073000
20221205074500
20221205080000
20221205081500
20221205083000
20221205084500
20221205090000
20221205091500
20221205093000
20221205094500
20221205100000
20221205101500
20221205103000
20221205104500
20221205110000
20221205111500
20221205113000
20221205114500
20221205120000
20221205121500
20221205123000
20221205124500
20221205130000
20221205131500
20221205133000
20221205134500
20221205140000
20221205141500
20221205143000
20221205144500
20221205150000
20221205151500
20221205153000
20221205154500
20221205160000
20221205161500
20221205163000
20221205164500
20221205170000
20221205171500
20221205173000
20221205174500
20221205180000
20221205181500
20221205183000
20221205184500
20221205190000
20221205191500
20221205193000
20221205194500
20221205200000
20221205201500
20221205203000
20221205204500
20221205210000
20221205211500
20221205213000
20221205214500
20221205220000
20221205221500
20221205223000
20221205224500
20221205230000
20221205231500
20221205233000
20221205234500
20221206000000
20221206001500
20221206003000
20221206004500
20221206010000
20221206011500
20221206013000
20221206014500
20221206020000
20221206021500
20221206023000
20221206024500
20221206030000
20221206031500
20221206033000
20221206034500
20221206040000
20221206041500
20221206043000
20221206044500
20221206050000
20221206051500
20221206053000
20221206054500
20221206060000
20221206061500
20221206063000
20221206064500
20221206070000
20221206071500
20221206073000
20221206074500
20221206080000
20221206081500
20221206083000
20221206084500
20221206090000
20221206091500
20221206093000
20221206094500
20221206100000
20221206101500
20221206103000
20221206104500
20221206110000
20221206111500
20221206113000
20221206114500
20221206120000
20221206121500
20221206123000
20221206124500
20221206130000
20221206131500
20221206133000
20221206134500
20221206140000
20221206141500
20221206143000
20221206144500
20221206150000
20221206151500
20221206153000
20221206154500
20221206160000
20221206161500
20221206163000
20221206164500
20221206170000
20221206171500
20221206173000
20221206174500
20221206180000
20221206181500
20221206183000
20221206184500
20221206190000
20221206191500
20221206193000
20221206194500
20221206200000
20221206201500
20221206203000
20221206204500
20221206210000
20221206211500
20221206213000
20221206214500
20221206220000
20221206221500
20221206223000
20221206224500
20221206230000
20221206231500
20221206233000
20221206234500
20221207000000
20221207001500
20221207003000
20221207004500
20221207010000
20221207011500
20221207013000
20221207014500
20221207020000
20221207021500
20221207023000
20221207024500
20221207030000
20221207031500
20221207033000
20221207034500
20221207040000
20221207041500
20221207043000
20221207044500
20221207050000
20221207051500
20221207053000
20221207054500
20221207060000
20221207061500
20221207063000
20221207064500
20221207070000
20221207071500
20221207073000
20221207074500
20221207080000
20221207081500
20221207083000
20221207084500
20221207090000
20221207091500
20221207093000
20221207094500
20221207100000
20221207101500
20221207103000
20221207104500
20221207110000
20221207111500
20221207113000
20221207114500
20221207120000
20221207121500
20221207123000
20221207124500
20221207130000
20221207131500
20221207133000
20221207134500
20221207140000
20221207141500
20221207143000
20221207144500
20221207150000
20221207151500
20221207153000
20221207154500
20221207160000
20221207161500
20221207163000
20221207164500
20221207170000
20221207171500
20221207173000
20221207174500
20221207180000
20221207181500
20221207183000
20221207184500
20221207190000
20221207191500
20221207193000
20221207194500
20221207200000
20221207201500
20221207203000
20221207204500
20221207210000
20221207211500
20221207213000
20221207214500
20221207220000
20221207221500
20221207223000
20221207224500
20221207230000
20221207231500
20221207233000
20221207234500
20221208000000
20221208001500
20221208003000
20221208004500
20221208010000
20221208011500
20221208013000
20221208014500
20221208020000
20221208021500
20221208023000
20221208024500
20221208030000
20221208031500
20221208033000
20221208034500
20221208040000
20221208041500
20221208043000
20221208044500
20221208050000
20221208051500
20221208053000
20221208054500
20221208060000
20221208061500
20221208063000
20221208064500
20221208070000
20221208071500
20221208073000
20221208074500
20221208080000
20221208081500
20221208083000
20221208084500
20221208090000
20221208091500
20221208093000
20221208094500
20221208100000
20221208101500
20221208103000
20221208104500
20221208110000
20221208111500
20221208113000
20221208114500
20221208120000
20221208121500
20221208123000
20221208124500
20221208130000
20221208131500
20221208133000
20221208134500
20221208140000
20221208141500
20221208143000
20221208144500
20221208150000
20221208151500
20221208153000
20221208154500
20221208160000
20221208161500
20221208163000
20221208164500
20221208170000
20221208171500
20221208173000
20221208174500
20221208180000
20221208181500
20221208183000
20221208184500
20221208190000
20221208191500
20221208193000
20221208194500
20221208200000
20221208201500
20221208203000
20221208204500
20221208210000
20221208211500
20221208213000
20221208214500
20221208220000
20221208221500
20221208223000
20221208224500
20221208230000
20221208231500
20221208233000
20221208234500
20221209000000
20221209001500
20221209003000
20221209004500
20221209010000
20221209011500
20221209013000
20221209014500
20221209020000
20221209021500
20221209023000
20221209024500
20221209030000
20221209031500
20221209033000
20221209034500
20221209040000
20221209041500
20221209043000
20221209044500
20221209050000
20221209051500
20221209053000
20221209054500
20221209060000
20221209061500
20221209063000
20221209064500
20221209070000
20221209071500
20221209073000
20221209074500
20221209080000
20221209081500
20221209083000
20221209084500
20221209090000
20221209091500
20221209093000
20221209094500
20221209100000
20221209101500
20221209103000
20221209104500
20221209110000
20221209111500
20221209113000
20221209114500
20221209120000
20221209121500
20221209123000
20221209124500
20221209130000
20221209131500
20221209133000
20221209134500
20221209140000
20221209141500
20221209143000
20221209144500
20221209150000
20221209151500
20221209153000
20221209154500
20221209160000
20221209161500
20221209163000
20221209164500
20221209170000
20221209171500
20221209173000
20221209174500
20221209180000
20221209181500
20221209183000
20221209184500
20221209190000
20221209191500
20221209193000
20221209194500
20221209200000
20221209201500
20221209203000
20221209204500
20221209210000
20221209211500
20221209213000
20221209214500
20221209220000
20221209221500
20221209223000
20221209224500
20221209230000
20221209231500
20221209233000
20221209234500
20221210000000
20221210001500
20221210003000
20221210004500
20221210010000
20221210011500
20221210013000
20221210014500
20221210020000
20221210021500
20221210023000
20221210024500
20221210030000
20221210031500
20221210033000
20221210034500
20221210040000
20221210041500
20221210043000
20221210044500
20221210050000
20221210051500
20221210053000
20221210054500
20221210060000
20221210061500
20221210063000
20221210064500
20221210070000
20221210071500
20221210073000
20221210074500
20221210080000
20221210081500
20221210083000
20221210084500
20221210090000
20221210091500
20221210093000
20221210094500
20221210100000
20221210101500
20221210103000
20221210104500
20221210110000
20221210111500
20221210113000
20221210114500
20221210120000
20221210121500
20221210123000
20221210124500
20221210130000
20221210131500
20221210133000
20221210134500
20221210140000
20221210141500
20221210143000
20221210144500
20221210150000
20221210151500
20221210153000
20221210154500
20221210160000
20221210161500
20221210163000
20221210164500
20221210170000
20221210171500
20221210173000
20221210174500
20221210180000
20221210181500
20221210183000
20221210184500
20221210190000
20221210191500
20221210193000
20221210194500
20221210200000
20221210201500
20221210203000
20221210204500
20221210210000
20221210211500
20221210213000
20221210214500
20221210220000
20221210221500
20221210223000
20221210224500
20221210230000
20221210231500
20221210233000
20221210234500
20221211000000
20221211001500
20221211003000
20221211004500
20221211010000
20221211011500
20221211013000
20221211014500
20221211020000
20221211021500
20221211023000
20221211024500
20221211030000
20221211031500
20221211033000
20221211034500
20221211040000
20221211041500
20221211043000
20221211044500
20221211050000
20221211051500
20221211053000
20221211054500
20221211060000
20221211061500
20221211063000
20221211064500
20221211070000
20221211071500
20221211073000
20221211074500
20221211080000
20221211081500
20221211083000
20221211084500
20221211090000
20221211091500
20221211093000
20221211094500
20221211100000
20221211101500
20221211103000
20221211104500
20221211110000
20221211111500
20221211113000
20221211114500
20221211120000
20221211121500
20221211123000
20221211124500
20221211130000
20221211131500
20221211133000
20221211134500
20221211140000
20221211141500
20221211143000
20221211144500
20221211150000
20221211151500
20221211153000
20221211154500
20221211160000
20221211161500
20221211163000
20221211164500
20221211170000
20221211171500
20221211173000
20221211174500
20221211180000
20221211181500
20221211183000
20221211184500
20221211190000
20221211191500
20221211193000
20221211194500
20221211200000
20221211201500
20221211203000
20221211204500
20221211210000
20221211211500
20221211213000
20221211214500
20221211220000
20221211221500
20221211223000
20221211224500
20221211230000
20221211231500
20221211233000
20221211234500
20221212000000
20221212001500
20221212003000
20221212004500
20221212010000
20221212011500
20221212013000
20221212014500
20221212020000
20221212021500
20221212023000
20221212024500
20221212030000
20221212031500
20221212033000
20221212034500
20221212040000
20221212041500
20221212043000
20221212044500
20221212050000
20221212051500
20221212053000
20221212054500
20221212060000
20221212061500
20221212063000
20221212064500
20221212070000
20221212071500
20221212073000
20221212074500
20221212080000
20221212081500
20221212083000
20221212084500
20221212090000
20221212091500
20221212093000
20221212094500
20221212100000
20221212101500
20221212103000
20221212104500
20221212110000
20221212111500
20221212113000
20221212114500
20221212120000
20221212121500
20221212123000
20221212124500
20221212130000
20221212131500
20221212133000
20221212134500
20221212140000
20221212141500
20221212143000
20221212144500
20221212150000
20221212151500
20221212153000
20221212154500
20221212160000
20221212161500
20221212163000
20221212164500
20221212170000
20221212171500
20221212173000
20221212174500
20221212180000
20221212181500
20221212183000
20221212184500
20221212190000
20221212191500
20221212193000
20221212194500
20221212200000
20221212201500
20221212203000
20221212204500
20221212210000
20221212211500
20221212213000
20221212214500
20221212220000
20221212221500
20221212223000
20221212224500
20221212230000
20221212231500
20221212233000
20221212234500
20221213000000
20221213001500
20221213003000
20221213004500
20221213010000
20221213011500
20221213013000
20221213014500
20221213020000
20221213021500
20221213023000
20221213024500
20221213030000
20221213031500
20221213033000
20221213034500
20221213040000
20221213041500
20221213043000
20221213044500
20221213050000
20221213051500
20221213053000
20221213054500
20221213060000
20221213061500
20221213063000
20221213064500
20221213070000
20221213071500
20221213073000
20221213074500
20221213080000
20221213081500
20221213083000
20221213084500
20221213090000
20221213091500
20221213093000
20221213094500
20221213100000
20221213101500
20221213103000
20221213104500
20221213110000
20221213111500
20221213113000
20221213114500
20221213120000
20221213121500
20221213123000
20221213124500
20221213130000
20221213131500
20221213133000
20221213134500
20221213140000
20221213141500
20221213143000
20221213144500
20221213150000
20221213151500
20221213153000
20221213154500
20221213160000
20221213161500
20221213163000
20221213164500
20221213170000
20221213171500
20221213173000
20221213174500
20221213180000
20221213181500
20221213183000
20221213184500
20221213190000
20221213191500
20221213193000
20221213194500
20221213200000
20221213201500
20221213203000
20221213204500
20221213210000
20221213211500
20221213213000
20221213214500
20221213220000
20221213221500
20221213223000
20221213224500
20221213230000
20221213231500
20221213233000
20221213234500
20221214000000
20221214001500
20221214003000
20221214004500
20221214010000
20221214011500
20221214013000
20221214014500
20221214020000
20221214021500
20221214023000
20221214024500
20221214030000
20221214031500
20221214033000
20221214034500
20221214040000
20221214041500
20221214043000
20221214044500
20221214050000
20221214051500
20221214053000
20221214054500
20221214060000
20221214061500
20221214063000
20221214064500
20221214070000
20221214071500
20221214073000
20221214074500
20221214080000
20221214081500
20221214083000
20221214084500
20221214090000
20221214091500
20221214093000
20221214094500
20221214100000
20221214101500
20221214103000
20221214104500
20221214110000
20221214111500
20221214113000
20221214114500
20221214120000
20221214121500
20221214123000
20221214124500
20221214130000
20221214131500
20221214133000
20221214134500
20221214140000
20221214141500
20221214143000
20221214144500
20221214150000
20221214151500
20221214153000
20221214154500
20221214160000
20221214161500
20221214163000
20221214164500
20221214170000
20221214171500
20221214173000
20221214174500
20221214180000
20221214181500
20221214183000
20221214184500
20221214190000
20221214191500
20221214193000
20221214194500
20221214200000
20221214201500
20221214203000
20221214204500
20221214210000
20221214211500
20221214213000
20221214214500
20221214220000
20221214221500
20221214223000
20221214224500
20221214230000
20221214231500
20221214233000
20221214234500
20221215000000
20221215001500
20221215003000
20221215004500
20221215010000
20221215011500
20221215013000
20221215014500
20221215020000
20221215021500
20221215023000
20221215024500
20221215030000
20221215031500
20221215033000
20221215034500
20221215040000
20221215041500
20221215043000
20221215044500
20221215050000
20221215051500
20221215053000
20221215054500
20221215060000
20221215061500
20221215063000
20221215064500
20221215070000
20221215071500
20221215073000
20221215074500
20221215080000
20221215081500
20221215083000
20221215084500
20221215090000
20221215091500
20221215093000
20221215094500
20221215100000
20221215101500
20221215103000
20221215104500
20221215110000
20221215111500
20221215113000
20221215114500
20221215120000
20221215121500
20221215123000
20221215124500
20221215130000
20221215131500
20221215133000
20221215134500
20221215140000
20221215141500
20221215143000
20221215144500
20221215150000
20221215151500
20221215153000
20221215154500
20221215160000
20221215161500
20221215163000
20221215164500
20221215170000
20221215171500
20221215173000
20221215174500
20221215180000
20221215181500
20221215183000
20221215184500
20221215190000
20221215191500
20221215193000
20221215194500
20221215200000
20221215201500
20221215203000
20221215204500
20221215210000
20221215211500
20221215213000
20221215214500
20221215220000
20221215221500
20221215223000
20221215224500
20221215230000
20221215231500
20221215233000
20221215234500
20221216000000
20221216001500
20221216003000
20221216004500
20221216010000
20221216011500
20221216013000
20221216014500
20221216020000
20221216021500
20221216023000
20221216024500
20221216030000
20221216031500
20221216033000
20221216034500
20221216040000
20221216041500
20221216043000
20221216044500
20221216050000
20221216051500
20221216053000
20221216054500
20221216060000
20221216061500
20221216063000
20221216064500
20221216070000
20221216071500
20221216073000
20221216074500
20221216080000
20221216081500
20221216083000
20221216084500
20221216090000
20221216091500
20221216093000
20221216094500
20221216100000
20221216101500
20221216103000
20221216104500
20221216110000
20221216111500
20221216113000
20221216114500
20221216120000
20221216121500
20221216123000
20221216124500
20221216130000
20221216131500
20221216133000
20221216134500
20221216140000
20221216141500
20221216143000
20221216144500
20221216150000
20221216151500
20221216153000
20221216154500
20221216160000
20221216161500
20221216163000
20221216164500
20221216170000
20221216171500
20221216173000
20221216174500
20221216180000
20221216181500
20221216183000
20221216184500
20221216190000
20221216191500
20221216193000
20221216194500
20221216200000
20221216201500
20221216203000
20221216204500
20221216210000
20221216211500
20221216213000
20221216214500
20221216220000
20221216221500
20221216223000
20221216224500
20221216230000
20221216231500
20221216233000
20221216234500
20221217000000
20221217001500
20221217003000
20221217004500
20221217010000
20221217011500
20221217013000
20221217014500
20221217020000
20221217021500
20221217023000
20221217024500
20221217030000
20221217031500
20221217033000
20221217034500
20221217040000
20221217041500
20221217043000
20221217044500
20221217050000
20221217051500
20221217053000
20221217054500
20221217060000
20221217061500
20221217063000
20221217064500
20221217070000
20221217071500
20221217073000
20221217074500
20221217080000
20221217081500
20221217083000
20221217084500
20221217090000
20221217091500
20221217093000
20221217094500
20221217100000
20221217101500
20221217103000
20221217104500
20221217110000
20221217111500
20221217113000
20221217114500
20221217120000
20221217121500
20221217123000
20221217124500
20221217130000
20221217131500
20221217133000
20221217134500
20221217140000
20221217141500
20221217143000
20221217144500
20221217150000
20221217151500
20221217153000
20221217154500
20221217160000
20221217161500
20221217163000
20221217164500
20221217170000
20221217171500
20221217173000
20221217174500
20221217180000
20221217181500
20221217183000
20221217184500
20221217190000
20221217191500
20221217193000
20221217194500
20221217200000
20221217201500
20221217203000
20221217204500
20221217210000
20221217211500
20221217213000
20221217214500
20221217220000
20221217221500
20221217223000
20221217224500
20221217230000
20221217231500
20221217233000
20221217234500
20221218000000
20221218001500
20221218003000
20221218004500
20221218010000
20221218011500
20221218013000
20221218014500
20221218020000
20221218021500
20221218023000
20221218024500
20221218030000
20221218031500
20221218033000
20221218034500
20221218040000
20221218041500
20221218043000
20221218044500
20221218050000
20221218051500
20221218053000
20221218054500
20221218060000
20221218061500
20221218063000
20221218064500
20221218070000
20221218071500
20221218073000
20221218074500
20221218080000
20221218081500
20221218083000
20221218084500
20221218090000
20221218091500
20221218093000
20221218094500
20221218100000
20221218101500
20221218103000
20221218104500
20221218110000
20221218111500
20221218113000
20221218114500
20221218120000
20221218121500
20221218123000
20221218124500
20221218130000
20221218131500
20221218133000
20221218134500
20221218140000
20221218141500
20221218143000
20221218144500
20221218150000
20221218151500
20221218153000
20221218154500
20221218160000
20221218161500
20221218163000
20221218164500
20221218170000
20221218171500
20221218173000
20221218174500
20221218180000
20221218181500
20221218183000
20221218184500
20221218190000
20221218191500
20221218193000
20221218194500
20221218200000
20221218201500
20221218203000
20221218204500
20221218210000
20221218211500
20221218213000
20221218214500
20221218220000
20221218221500
20221218223000
20221218224500
20221218230000
20221218231500
20221218233000
20221218234500
20221219000000
20221219001500
20221219003000
20221219004500
20221219010000
20221219011500
20221219013000
20221219014500
20221219020000
20221219021500
20221219023000
20221219024500
20221219030000
20221219031500
20221219033000
20221219034500
20221219040000
20221219041500
20221219043000
20221219044500
20221219050000
20221219051500
20221219053000
20221219054500
20221219060000
20221219061500
20221219063000
20221219064500
20221219070000
20221219071500
20221219073000
20221219074500
20221219080000
20221219081500
20221219083000
20221219084500
20221219090000
20221219091500
20221219093000
20221219094500
20221219100000
20221219101500
20221219103000
20221219104500
20221219110000
20221219111500
20221219113000
20221219114500
20221219120000
20221219121500
20221219123000
20221219124500
20221219130000
20221219131500
20221219133000
20221219134500
20221219140000
20221219141500
20221219143000
20221219144500
20221219150000
20221219151500
20221219153000
20221219154500
20221219160000
20221219161500
20221219163000
20221219164500
20221219170000
20221219171500
20221219173000
20221219174500
20221219180000
20221219181500
20221219183000
20221219184500
20221219190000
20221219191500
20221219193000
20221219194500
20221219200000
20221219201500
20221219203000
20221219204500
20221219210000
20221219211500
20221219213000
20221219214500
20221219220000
20221219221500
20221219223000
20221219224500
20221219230000
20221219231500
20221219233000
20221219234500
20221220000000
20221220001500
20221220003000
20221220004500
20221220010000
20221220011500
20221220013000
20221220014500
20221220020000
20221220021500
20221220023000
20221220024500
20221220030000
20221220031500
20221220033000
20221220034500
20221220040000
20221220041500
20221220043000
20221220044500
20221220050000
20221220051500
20221220053000
20221220054500
20221220060000
20221220061500
20221220063000
20221220064500
20221220070000
20221220071500
20221220073000
20221220074500
20221220080000
20221220081500
20221220083000
20221220084500
20221220090000
20221220091500
20221220093000
20221220094500
20221220100000
20221220101500
20221220103000
20221220104500
20221220110000
20221220111500
20221220113000
20221220114500
20221220120000
20221220121500
20221220123000
20221220124500
20221220130000
20221220131500
20221220133000
20221220134500
20221220140000
20221220141500
20221220143000
20221220144500
20221220150000
20221220151500
20221220153000
20221220154500
20221220160000
20221220161500
20221220163000
20221220164500
20221220170000
20221220171500
20221220173000
20221220174500
20221220180000
20221220181500
20221220183000
20221220184500
20221220190000
20221220191500
20221220193000
20221220194500
20221220200000
20221220201500
20221220203000
20221220204500
20221220210000
20221220211500
20221220213000
20221220214500
20221220220000
20221220221500
20221220223000
20221220224500
20221220230000
20221220231500
20221220233000
20221220234500
20221221000000
20221221001500
20221221003000
20221221004500
20221221010000
20221221011500
20221221013000
20221221014500
20221221020000
20221221021500
20221221023000
20221221024500
20221221030000
20221221031500
20221221033000
20221221034500
20221221040000
20221221041500
20221221043000
20221221044500
20221221050000
20221221051500
20221221053000
20221221054500
20221221060000
20221221061500
20221221063000
20221221064500
20221221070000
20221221071500
20221221073000
20221221074500
20221221080000
20221221081500
20221221083000
20221221084500
20221221090000
20221221091500
20221221093000
20221221094500
20221221100000
20221221101500
20221221103000
20221221104500
20221221110000
20221221111500
20221221113000
20221221114500
20221221120000
20221221121500
20221221123000
20221221124500
20221221130000
20221221131500
20221221133000
20221221134500
20221221140000
20221221141500
20221221143000
20221221144500
20221221150000
20221221151500
20221221153000
20221221154500
20221221160000
20221221161500
20221221163000
20221221164500
20221221170000
20221221171500
20221221173000
20221221174500
20221221180000
20221221181500
20221221183000
20221221184500
20221221190000
20221221191500
20221221193000
20221221194500
20221221200000
20221221201500
20221221203000
20221221204500
20221221210000
20221221211500
20221221213000
20221221214500
20221221220000
20221221221500
20221221223000
20221221224500
20221221230000
20221221231500
20221221233000
20221221234500
20221222000000
20221222001500
20221222003000
20221222004500
20221222010000
20221222011500
20221222013000
20221222014500
20221222020000
20221222021500
20221222023000
20221222024500
20221222030000
20221222031500
20221222033000
20221222034500
20221222040000
20221222041500
20221222043000
20221222044500
20221222050000
20221222051500
20221222053000
20221222054500
20221222060000
20221222061500
20221222063000
20221222064500
20221222070000
20221222071500
20221222073000
20221222074500
20221222080000
20221222081500
20221222083000
20221222084500
20221222090000
20221222091500
20221222093000
20221222094500
20221222100000
20221222101500
20221222103000
20221222104500
20221222110000
20221222111500
20221222113000
20221222114500
20221222120000
20221222121500
20221222123000
20221222124500
20221222130000
20221222131500
20221222133000
20221222134500
20221222140000
20221222141500
20221222143000
20221222144500
20221222150000
20221222151500
20221222153000
20221222154500
20221222160000
20221222161500
20221222163000
20221222164500
20221222170000
20221222171500
20221222173000
20221222174500
20221222180000
20221222181500
20221222183000
20221222184500
20221222190000
20221222191500
20221222193000
20221222194500
20221222200000
20221222201500
20221222203000
20221222204500
20221222210000
20221222211500
20221222213000
20221222214500
20221222220000
20221222221500
20221222223000
20221222224500
20221222230000
20221222231500
20221222233000
20221222234500
20221223000000
20221223001500
20221223003000
20221223004500
20221223010000
20221223011500
20221223013000
20221223014500
20221223020000
20221223021500
20221223023000
20221223024500
20221223030000
20221223031500
20221223033000
20221223034500
20221223040000
20221223041500
20221223043000
20221223044500
20221223050000
20221223051500
20221223053000
20221223054500
20221223060000
20221223061500
20221223063000
20221223064500
20221223070000
20221223071500
20221223073000
20221223074500
20221223080000
20221223081500
20221223083000
20221223084500
20221223090000
20221223091500
20221223093000
20221223094500
20221223100000
20221223101500
20221223103000
20221223104500
20221223110000
20221223111500
20221223113000
20221223114500
20221223120000
20221223121500
20221223123000
20221223124500
20221223130000
20221223131500
20221223133000
20221223134500
20221223140000
20221223141500
20221223143000
20221223144500
20221223150000
20221223151500
20221223153000
20221223154500
20221223160000
20221223161500
20221223163000
20221223164500
20221223170000
20221223171500
20221223173000
20221223174500
20221223180000
20221223181500
20221223183000
20221223184500
20221223190000
20221223191500
20221223193000
20221223194500
20221223200000
20221223201500
20221223203000
20221223204500
20221223210000
20221223211500
20221223213000
20221223214500
20221223220000
20221223221500
20221223223000
20221223224500
20221223230000
20221223231500
20221223233000
20221223234500
20221224000000
20221224001500
20221224003000
20221224004500
20221224010000
20221224011500
20221224013000
20221224014500
20221224020000
20221224021500
20221224023000
20221224024500
20221224030000
20221224031500
20221224033000
20221224034500
20221224040000
20221224041500
20221224043000
20221224044500
20221224050000
20221224051500
20221224053000
20221224054500
20221224060000
20221224061500
20221224063000
20221224064500
20221224070000
20221224071500
20221224073000
20221224074500
20221224080000
20221224081500
20221224083000
20221224084500
20221224090000
20221224091500
20221224093000
20221224094500
20221224100000
20221224101500
20221224103000
20221224104500
20221224110000
20221224111500
20221224113000
20221224114500
20221224120000
20221224121500
20221224123000
20221224124500
20221224130000
20221224131500
20221224133000
20221224134500
20221224140000
20221224141500
20221224143000
20221224144500
20221224150000
20221224151500
20221224153000
20221224154500
20221224160000
20221224161500
20221224163000
20221224164500
20221224170000
20221224171500
20221224173000
20221224174500
20221224180000
20221224181500
20221224183000
20221224184500
20221224190000
20221224191500
20221224193000
20221224194500
20221224200000
20221224201500
20221224203000
20221224204500
20221224210000
20221224211500
20221224213000
20221224214500
20221224220000
20221224221500
20221224223000
20221224224500
20221224230000
20221224231500
20221224233000
20221224234500
20221225000000
20221225001500
20221225003000
20221225004500
20221225010000
20221225011500
20221225013000
20221225014500
20221225020000
20221225021500
20221225023000
20221225024500
20221225030000
20221225031500
20221225033000
20221225034500
20221225040000
20221225041500
20221225043000
20221225044500
20221225050000
20221225051500
20221225053000
20221225054500
20221225060000
20221225061500
20221225063000
20221225064500
20221225070000
20221225071500
20221225073000
20221225074500
20221225080000
20221225081500
20221225083000
20221225084500
20221225090000
20221225091500
20221225093000
20221225094500
20221225100000
20221225101500
20221225103000
20221225104500
20221225110000
20221225111500
20221225113000
20221225114500
20221225120000
20221225121500
20221225123000
20221225124500
20221225130000
20221225131500
20221225133000
20221225134500
20221225140000
20221225141500
20221225143000
20221225144500
20221225150000
20221225151500
20221225153000
20221225154500
20221225160000
20221225161500
20221225163000
20221225164500
20221225170000
20221225171500
20221225173000
20221225174500
20221225180000
20221225181500
20221225183000
20221225184500
20221225190000
20221225191500
20221225193000
20221225194500
20221225200000
20221225201500
20221225203000
20221225204500
20221225210000
20221225211500
20221225213000
20221225214500
20221225220000
20221225221500
20221225223000
20221225224500
20221225230000
20221225231500
20221225233000
20221225234500
20221226000000
20221226001500
20221226003000
20221226004500
20221226010000
20221226011500
20221226013000
20221226014500
20221226020000
20221226021500
20221226023000
20221226024500
20221226030000
20221226031500
20221226033000
20221226034500
20221226040000
20221226041500
20221226043000
20221226044500
20221226050000
20221226051500
20221226053000
20221226054500
20221226060000
20221226061500
20221226063000
20221226064500
20221226070000
20221226071500
20221226073000
20221226074500
20221226080000
20221226081500
20221226083000
20221226084500
20221226090000
20221226091500
20221226093000
20221226094500
20221226100000
20221226101500
20221226103000
20221226104500
20221226110000
20221226111500
20221226113000
20221226114500
20221226120000
20221226121500
20221226123000
20221226124500
20221226130000
20221226131500
20221226133000
20221226134500
20221226140000
20221226141500
20221226143000
20221226144500
20221226150000
20221226151500
20221226153000
20221226154500
20221226160000
20221226161500
20221226163000
20221226164500
20221226170000
20221226171500
20221226173000
20221226174500
20221226180000
20221226181500
20221226183000
20221226184500
20221226190000
20221226191500
20221226193000
20221226194500
20221226200000
20221226201500
20221226203000
20221226204500
20221226210000
20221226211500
20221226213000
20221226214500
20221226220000
20221226221500
20221226223000
20221226224500
20221226230000
20221226231500
20221226233000
20221226234500
20221227000000
20221227001500
20221227003000
20221227004500
20221227010000
20221227011500
20221227013000
20221227014500
20221227020000
20221227021500
20221227023000
20221227024500
20221227030000
20221227031500
20221227033000
20221227034500
20221227040000
20221227041500
20221227043000
20221227044500
20221227050000
20221227051500
20221227053000
20221227054500
20221227060000
20221227061500
20221227063000
20221227064500
20221227070000
20221227071500
20221227073000
20221227074500
20221227080000
20221227081500
20221227083000
20221227084500
20221227090000
20221227091500
20221227093000
20221227094500
20221227100000
20221227101500
20221227103000
20221227104500
20221227110000
20221227111500
20221227113000
20221227114500
20221227120000
20221227121500
20221227123000
20221227124500
20221227130000
20221227131500
20221227133000
20221227134500
20221227140000
20221227141500
20221227143000
20221227144500
20221227150000
20221227151500
20221227153000
20221227154500
20221227160000
20221227161500
20221227163000
20221227164500
20221227170000
20221227171500
20221227173000
20221227174500
20221227180000
20221227181500
20221227183000
20221227184500
20221227190000
20221227191500
20221227193000
20221227194500
20221227200000
20221227201500
20221227203000
20221227204500
20221227210000
20221227211500
20221227213000
20221227214500
20221227220000
20221227221500
20221227223000
20221227224500
20221227230000
20221227231500
20221227233000
20221227234500
20221228000000
20221228001500
20221228003000
20221228004500
20221228010000
20221228011500
20221228013000
20221228014500
20221228020000
20221228021500
20221228023000
20221228024500
20221228030000
20221228031500
20221228033000
20221228034500
20221228040000
20221228041500
20221228043000
20221228044500
20221228050000
20221228051500
20221228053000
20221228054500
20221228060000
20221228061500
20221228063000
20221228064500
20221228070000
20221228071500
20221228073000
20221228074500
20221228080000
20221228081500
20221228083000
20221228084500
20221228090000
20221228091500
20221228093000
20221228094500
20221228100000
20221228101500
20221228103000
20221228104500
20221228110000
20221228111500
20221228113000
20221228114500
20221228120000
20221228121500
20221228123000
20221228124500
20221228130000
20221228131500
20221228133000
20221228134500
20221228140000
20221228141500
20221228143000
20221228144500
20221228150000
20221228151500
20221228153000
20221228154500
20221228160000
20221228161500
20221228163000
20221228164500
20221228170000
20221228171500
20221228173000
20221228174500
20221228180000
20221228181500
20221228183000
20221228184500
20221228190000
20221228191500
20221228193000
20221228194500
20221228200000
20221228201500
20221228203000
20221228204500
20221228210000
20221228211500
20221228213000
20221228214500
20221228220000
20221228221500
20221228223000
20221228224500
20221228230000
20221228231500
20221228233000
20221228234500
20221229000000
20221229001500
20221229003000
20221229004500
20221229010000
20221229011500
20221229013000
20221229014500
20221229020000
20221229021500
20221229023000
20221229024500
20221229030000
20221229031500
20221229033000
20221229034500
20221229040000
20221229041500
20221229043000
20221229044500
20221229050000
20221229051500
20221229053000
20221229054500
20221229060000
20221229061500
20221229063000
20221229064500
20221229070000
20221229071500
20221229073000
20221229074500
20221229080000
20221229081500
20221229083000
20221229084500
20221229090000
20221229091500
20221229093000
20221229094500
20221229100000
20221229101500
20221229103000
20221229104500
20221229110000
20221229111500
20221229113000
20221229114500
20221229120000
20221229121500
20221229123000
20221229124500
20221229130000
20221229131500
20221229133000
20221229134500
20221229140000
20221229141500
20221229143000
20221229144500
20221229150000
20221229151500
20221229153000
20221229154500
20221229160000
20221229161500
20221229163000
20221229164500
20221229170000
20221229171500
20221229173000
20221229174500
20221229180000
20221229181500
20221229183000
20221229184500
20221229190000
20221229191500
20221229193000
20221229194500
20221229200000
20221229201500
20221229203000
20221229204500
20221229210000
20221229211500
20221229213000
20221229214500
20221229220000
20221229221500
20221229223000
20221229224500
20221229230000
20221229231500
20221229233000
20221229234500
20221230000000
20221230001500
20221230003000
20221230004500
20221230010000
20221230011500
20221230013000
20221230014500
20221230020000
20221230021500
20221230023000
20221230024500
20221230030000
20221230031500
20221230033000
20221230034500
20221230040000
20221230041500
20221230043000
20221230044500
20221230050000
20221230051500
20221230053000
20221230054500
20221230060000
20221230061500
20221230063000
20221230064500
20221230070000
20221230071500
20221230073000
20221230074500
20221230080000
20221230081500
20221230083000
20221230084500
20221230090000
20221230091500
20221230093000
20221230094500
20221230100000
20221230101500
20221230103000
20221230104500
20221230110000
20221230111500
20221230113000
20221230114500
20221230120000
20221230121500
20221230123000
20221230124500
20221230130000
20221230131500
20221230133000
20221230134500
20221230140000
20221230141500
20221230143000
20221230144500
20221230150000
20221230151500
20221230153000
20221230154500
20221230160000
20221230161500
20221230163000
20221230164500
20221230170000
20221230171500
20221230173000
20221230174500
20221230180000
20221230181500
20221230183000
20221230184500
20221230190000
20221230191500
20221230193000
20221230194500
20221230200000
20221230201500
20221230203000
20221230204500
20221230210000
20221230211500
20221230213000
20221230214500
20221230220000
20221230221500
20221230223000
20221230224500
20221230230000
20221230231500
20221230233000
20221230234500
20221231000000
20221231001500
20221231003000
20221231004500
20221231010000
20221231011500
20221231013000
20221231014500
20221231020000
20221231021500
20221231023000
20221231024500
20221231030000
20221231031500
20221231033000
20221231034500
20221231040000
20221231041500
20221231043000
20221231044500
20221231050000
20221231051500
20221231053000
20221231054500
20221231060000
20221231061500
20221231063000
20221231064500
20221231070000
20221231071500
20221231073000
20221231074500
20221231080000
20221231081500
20221231083000
20221231084500
20221231090000
20221231091500
20221231093000
20221231094500
20221231100000
20221231101500
20221231103000
20221231104500
20221231110000
20221231111500
20221231113000
20221231114500
20221231120000
20221231121500
20221231123000
20221231124500
20221231130000
20221231131500
20221231133000
20221231134500
20221231140000
20221231141500
20221231143000
20221231144500
20221231150000
20221231151500
20221231153000
20221231154500
20221231160000
20221231161500
20221231163000
20221231164500
20221231170000
20221231171500
20221231173000
20221231174500
20221231180000
20221231181500
20221231183000
20221231184500
20221231190000
20221231191500
20221231193000
20221231194500
20221231200000
20221231201500
20221231203000
20221231204500
20221231210000
20221231211500
20221231213000
20221231214500
20221231220000
20221231221500
20221231223000
20221231224500
20221231230000
20221231231500
20221231233000
20221231234500
20220501000000
20220501001500
20220501003000
20220501004500
20220501010000
20220501011500
20220501013000
20220501014500
20220501020000
20220501021500
20220501023000
20220501024500
20220501030000
20220501031500
20220501033000
20220501034500
20220501040000
20220501041500
20220501043000
20220501044500
20220501050000
20220501051500
20220501053000
20220501054500
20220501060000
20220501061500
20220501063000
20220501064500
20220501070000
20220501071500
20220501073000
20220501074500
20220501080000
20220501081500
20220501083000
20220501084500
20220501090000
20220501091500
20220501093000
20220501094500
20220501100000
20220501101500
20220501103000
20220501104500
20220501110000
20220501111500
20220501113000
20220501114500
20220501120000
20220501121500
20220501123000
20220501124500
20220501130000
20220501131500
20220501133000
20220501134500
20220501140000
20220501141500
20220501143000
20220501144500
20220501150000
20220501151500
20220501153000
20220501154500
20220501160000
20220501161500
20220501163000
20220501164500
20220501170000
20220501171500
20220501173000
20220501174500
20220501180000
20220501181500
20220501183000
20220501184500
20220501190000
20220501191500
20220501193000
20220501194500
20220501200000
20220501201500
20220501203000
20220501204500
20220501210000
20220501211500
20220501213000
20220501214500
20220501220000
20220501221500
20220501223000
20220501224500
20220501230000
20220501231500
20220501233000
20220501234500
20220502000000
20220502001500
20220502003000
20220502004500
20220502010000
20220502011500
20220502013000
20220502014500
20220502020000
20220502021500
20220502023000
20220502024500
20220502030000
20220502031500
20220502033000
20220502034500
20220502040000
20220502041500
20220502043000
20220502044500
20220502050000
20220502051500
20220502053000
20220502054500
20220502060000
20220502061500
20220502063000
20220502064500
20220502070000
20220502071500
20220502073000
20220502074500
20220502080000
20220502081500
20220502083000
20220502084500
20220502090000
20220502091500
20220502093000
20220502094500
20220502100000
20220502101500
20220502103000
20220502104500
20220502110000
20220502111500
20220502113000
20220502114500
20220502120000
20220502121500
20220502123000
20220502124500
20220502130000
20220502131500
20220502133000
20220502134500
20220502140000
20220502141500
20220502143000
20220502144500
20220502150000
20220502151500
20220502153000
20220502154500
20220502160000
20220502161500
20220502163000
20220502164500
20220502170000
20220502171500
20220502173000
20220502174500
20220502180000
20220502181500
20220502183000
20220502184500
20220502190000
20220502191500
20220502193000
20220502194500
20220502200000
20220502201500
20220502203000
20220502204500
20220502210000
20220502211500
20220502213000
20220502214500
20220502220000
20220502221500
20220502223000
20220502224500
20220502230000
20220502231500
20220502233000
20220502234500
20220503000000
20220503001500
20220503003000
20220503004500
20220503010000
20220503011500
20220503013000
20220503014500
20220503020000
20220503021500
20220503023000
20220503024500
20220503030000
20220503031500
20220503033000
20220503034500
20220503040000
20220503041500
20220503043000
20220503044500
20220503050000
20220503051500
20220503053000
20220503054500
20220503060000
20220503061500
20220503063000
20220503064500
20220503070000
20220503071500
20220503073000
20220503074500
20220503080000
20220503081500
20220503083000
20220503084500
20220503090000
20220503091500
20220503093000
20220503094500
20220503100000
20220503101500
20220503103000
20220503104500
20220503110000
20220503111500
20220503113000
20220503114500
20220503120000
20220503121500
20220503123000
20220503124500
20220503130000
20220503131500
20220503133000
20220503134500
20220503140000
20220503141500
20220503143000
20220503144500
20220503150000
20220503151500
20220503153000
20220503154500
20220503160000
20220503161500
20220503163000
20220503164500
20220503170000
20220503171500
20220503173000
20220503174500
20220503180000
20220503181500
20220503183000
20220503184500
20220503190000
20220503191500
20220503193000
20220503194500
20220503200000
20220503201500
20220503203000
20220503204500
20220503210000
20220503211500
20220503213000
20220503214500
20220503220000
20220503221500
20220503223000
20220503224500
20220503230000
20220503231500
20220503233000
20220503234500
20220504000000
20220504001500
20220504003000
20220504004500
20220504010000
20220504011500
20220504013000
20220504014500
20220504020000
20220504021500
20220504023000
20220504024500
20220504030000
20220504031500
20220504033000
20220504034500
20220504040000
20220504041500
20220504043000
20220504044500
20220504050000
20220504051500
20220504053000
20220504054500
20220504060000
20220504061500
20220504063000
20220504064500
20220504070000
20220504071500
20220504073000
20220504074500
20220504080000
20220504081500
20220504083000
20220504084500
20220504090000
20220504091500
20220504093000
20220504094500
20220504100000
20220504101500
20220504103000
20220504104500
20220504110000
20220504111500
20220504113000
20220504114500
20220504120000
20220504121500
20220504123000
20220504124500
20220504130000
20220504131500
20220504133000
20220504134500
20220504140000
20220504141500
20220504143000
20220504144500
20220504150000
20220504151500
20220504153000
20220504154500
20220504160000
20220504161500
20220504163000
20220504164500
20220504170000
20220504171500
20220504173000
20220504174500
20220504180000
20220504181500
20220504183000
20220504184500
20220504190000
20220504191500
20220504193000
20220504194500
20220504200000
20220504201500
20220504203000
20220504204500
20220504210000
20220504211500
20220504213000
20220504214500
20220504220000
20220504221500
20220504223000
20220504224500
20220504230000
20220504231500
20220504233000
20220504234500
20220505000000
20220505001500
20220505003000
20220505004500
20220505010000
20220505011500
20220505013000
20220505014500
20220505020000
20220505021500
20220505023000
20220505024500
20220505030000
20220505031500
20220505033000
20220505034500
20220505040000
20220505041500
20220505043000
20220505044500
20220505050000
20220505051500
20220505053000
20220505054500
20220505060000
20220505061500
20220505063000
20220505064500
20220505070000
20220505071500
20220505073000
20220505074500
20220505080000
20220505081500
20220505083000
20220505084500
20220505090000
20220505091500
20220505093000
20220505094500
20220505100000
20220505101500
20220505103000
20220505104500
20220505110000
20220505111500
20220505113000
20220505114500
20220505120000
20220505121500
20220505123000
20220505124500
20220505130000
20220505131500
20220505133000
20220505134500
20220505140000
20220505141500
20220505143000
20220505144500
20220505150000
20220505151500
20220505153000
20220505154500
20220505160000
20220505161500
20220505163000
20220505164500
20220505170000
20220505171500
20220505173000
20220505174500
20220505180000
20220505181500
20220505183000
20220505184500
20220505190000
20220505191500
20220505193000
20220505194500
20220505200000
20220505201500
20220505203000
20220505204500
20220505210000
20220505211500
20220505213000
20220505214500
20220505220000
20220505221500
20220505223000
20220505224500
20220505230000
20220505231500
20220505233000
20220505234500
20220506000000
20220506001500
20220506003000
20220506004500
20220506010000
20220506011500
20220506013000
20220506014500
20220506020000
20220506021500
20220506023000
20220506024500
20220506030000
20220506031500
20220506033000
20220506034500
20220506040000
20220506041500
20220506043000
20220506044500
20220506050000
20220506051500
20220506053000
20220506054500
20220506060000
20220506061500
20220506063000
20220506064500
20220506070000
20220506071500
20220506073000
20220506074500
20220506080000
20220506081500
20220506083000
20220506084500
20220506090000
20220506091500
20220506093000
20220506094500
20220506100000
20220506101500
20220506103000
20220506104500
20220506110000
20220506111500
20220506113000
20220506114500
20220506120000
20220506121500
20220506123000
20220506124500
20220506130000
20220506131500
20220506133000
20220506134500
20220506140000
20220506141500
20220506143000
20220506144500
20220506150000
20220506151500
20220506153000
20220506154500
20220506160000
20220506161500
20220506163000
20220506164500
20220506170000
20220506171500
20220506173000
20220506174500
20220506180000
20220506181500
20220506183000
20220506184500
20220506190000
20220506191500
20220506193000
20220506194500
20220506200000
20220506201500
20220506203000
20220506204500
20220506210000
20220506211500
20220506213000
20220506214500
20220506220000
20220506221500
20220506223000
20220506224500
20220506230000
20220506231500
20220506233000
20220506234500
20220507000000
20220507001500
20220507003000
20220507004500
20220507010000
20220507011500
20220507013000
20220507014500
20220507020000
20220507021500
20220507023000
20220507024500
20220507030000
20220507031500
20220507033000
20220507034500
20220507040000
20220507041500
20220507043000
20220507044500
20220507050000
20220507051500
20220507053000
20220507054500
20220507060000
20220507061500
20220507063000
20220507064500
20220507070000
20220507071500
20220507073000
20220507074500
20220507080000
20220507081500
20220507083000
20220507084500
20220507090000
20220507091500
20220507093000
20220507094500
20220507100000
20220507101500
20220507103000
20220507104500
20220507110000
20220507111500
20220507113000
20220507114500
20220507120000
20220507121500
20220507123000
20220507124500
20220507130000
20220507131500
20220507133000
20220507134500
20220507140000
20220507141500
20220507143000
20220507144500
20220507150000
20220507151500
20220507153000
20220507154500
20220507160000
20220507161500
20220507163000
20220507164500
20220507170000
20220507171500
20220507173000
20220507174500
20220507180000
20220507181500
20220507183000
20220507184500
20220507190000
20220507191500
20220507193000
20220507194500
20220507200000
20220507201500
20220507203000
20220507204500
20220507210000
20220507211500
20220507213000
20220507214500
20220507220000
20220507221500
20220507223000
20220507224500
20220507230000
20220507231500
20220507233000
20220507234500
20220508000000
20220508001500
20220508003000
20220508004500
20220508010000
20220508011500
20220508013000
20220508014500
20220508020000
20220508021500
20220508023000
20220508024500
20220508030000
20220508031500
20220508033000
20220508034500
20220508040000
20220508041500
20220508043000
20220508044500
20220508050000
20220508051500
20220508053000
20220508054500
20220508060000
20220508061500
20220508063000
20220508064500
20220508070000
20220508071500
20220508073000
20220508074500
20220508080000
20220508081500
20220508083000
20220508084500
20220508090000
20220508091500
20220508093000
20220508094500
20220508100000
20220508101500
20220508103000
20220508104500
20220508110000
20220508111500
20220508113000
20220508114500
20220508120000
20220508121500
20220508123000
20220508124500
20220508130000
20220508131500
20220508133000
20220508134500
20220508140000
20220508141500
20220508143000
20220508144500
20220508150000
20220508151500
20220508153000
20220508154500
20220508160000
20220508161500
20220508163000
20220508164500
20220508170000
20220508171500
20220508173000
20220508174500
20220508180000
20220508181500
20220508183000
20220508184500
20220508190000
20220508191500
20220508193000
20220508194500
20220508200000
20220508201500
20220508203000
20220508204500
20220508210000
20220508211500
20220508213000
20220508214500
20220508220000
20220508221500
20220508223000
20220508224500
20220508230000
20220508231500
20220508233000
20220508234500
20220509000000
20220509001500
20220509003000
20220509004500
20220509010000
20220509011500
20220509013000
20220509014500
20220509020000
20220509021500
20220509023000
20220509024500
20220509030000
20220509031500
20220509033000
20220509034500
20220509040000
20220509041500
20220509043000
20220509044500
20220509050000
20220509051500
20220509053000
20220509054500
20220509060000
20220509061500
20220509063000
20220509064500
20220509070000
20220509071500
20220509073000
20220509074500
20220509080000
20220509081500
20220509083000
20220509084500
20220509090000
20220509091500
20220509093000
20220509094500
20220509100000
20220509101500
20220509103000
20220509104500
20220509110000
20220509111500
20220509113000
20220509114500
20220509120000
20220509121500
20220509123000
20220509124500
20220509130000
20220509131500
20220509133000
20220509134500
20220509140000
20220509141500
20220509143000
20220509144500
20220509150000
20220509151500
20220509153000
20220509154500
20220509160000
20220509161500
20220509163000
20220509164500
20220509170000
20220509171500
20220509173000
20220509174500
20220509180000
20220509181500
20220509183000
20220509184500
20220509190000
20220509191500
20220509193000
20220509194500
20220509200000
20220509201500
20220509203000
20220509204500
20220509210000
20220509211500
20220509213000
20220509214500
20220509220000
20220509221500
20220509223000
20220509224500
20220509230000
20220509231500
20220509233000
20220509234500
20220510000000
20220510001500
20220510003000
20220510004500
20220510010000
20220510011500
20220510013000
20220510014500
20220510020000
20220510021500
20220510023000
20220510024500
20220510030000
20220510031500
20220510033000
20220510034500
20220510040000
20220510041500
20220510043000
20220510044500
20220510050000
20220510051500
20220510053000
20220510054500
20220510060000
20220510061500
20220510063000
20220510064500
20220510070000
20220510071500
20220510073000
20220510074500
20220510080000
20220510081500
20220510083000
20220510084500
20220510090000
20220510091500
20220510093000
20220510094500
20220510100000
20220510101500
20220510103000
20220510104500
20220510110000
20220510111500
20220510113000
20220510114500
20220510120000
20220510121500
20220510123000
20220510124500
20220510130000
20220510131500
20220510133000
20220510134500
20220510140000
20220510141500
20220510143000
20220510144500
20220510150000
20220510151500
20220510153000
20220510154500
20220510160000
20220510161500
20220510163000
20220510164500
20220510170000
20220510171500
20220510173000
20220510174500
20220510180000
20220510181500
20220510183000
20220510184500
20220510190000
20220510191500
20220510193000
20220510194500
20220510200000
20220510201500
20220510203000
20220510204500
20220510210000
20220510211500
20220510213000
20220510214500
20220510220000
20220510221500
20220510223000
20220510224500
20220510230000
20220510231500
20220510233000
20220510234500
20220511000000
20220511001500
20220511003000
20220511004500
20220511010000
20220511011500
20220511013000
20220511014500
20220511020000
20220511021500
20220511023000
20220511024500
20220511030000
20220511031500
20220511033000
20220511034500
20220511040000
20220511041500
20220511043000
20220511044500
20220511050000
20220511051500
20220511053000
20220511054500
20220511060000
20220511061500
20220511063000
20220511064500
20220511070000
20220511071500
20220511073000
20220511074500
20220511080000
20220511081500
20220511083000
20220511084500
20220511090000
20220511091500
20220511093000
20220511094500
20220511100000
20220511101500
20220511103000
20220511104500
20220511110000
20220511111500
20220511113000
20220511114500
20220511120000
20220511121500
20220511123000
20220511124500
20220511130000
20220511131500
20220511133000
20220511134500
20220511140000
20220511141500
20220511143000
20220511144500
20220511150000
20220511151500
20220511153000
20220511154500
20220511160000
20220511161500
20220511163000
20220511164500
20220511170000
20220511171500
20220511173000
20220511174500
20220511180000
20220511181500
20220511183000
20220511184500
20220511190000
20220511191500
20220511193000
20220511194500
20220511200000
20220511201500
20220511203000
20220511204500
20220511210000
20220511211500
20220511213000
20220511214500
20220511220000
20220511221500
20220511223000
20220511224500
20220511230000
20220511231500
20220511233000
20220511234500
20220512000000
20220512001500
20220512003000
20220512004500
20220512010000
20220512011500
20220512013000
20220512014500
20220512020000
20220512021500
20220512023000
20220512024500
20220512030000
20220512031500
20220512033000
20220512034500
20220512040000
20220512041500
20220512043000
20220512044500
20220512050000
20220512051500
20220512053000
20220512054500
20220512060000
20220512061500
20220512063000
20220512064500
20220512070000
20220512071500
20220512073000
20220512074500
20220512080000
20220512081500
20220512083000
20220512084500
20220512090000
20220512091500
20220512093000
20220512094500
20220512100000
20220512101500
20220512103000
20220512104500
20220512110000
20220512111500
20220512113000
20220512114500
20220512120000
20220512121500
20220512123000
20220512124500
20220512130000
20220512131500
20220512133000
20220512134500
20220512140000
20220512141500
20220512143000
20220512144500
20220512150000
20220512151500
20220512153000
20220512154500
20220512160000
20220512161500
20220512163000
20220512164500
20220512170000
20220512171500
20220512173000
20220512174500
20220512180000
20220512181500
20220512183000
20220512184500
20220512190000
20220512191500
20220512193000
20220512194500
20220512200000
20220512201500
20220512203000
20220512204500
20220512210000
20220512211500
20220512213000
20220512214500
20220512220000
20220512221500
20220512223000
20220512224500
20220512230000
20220512231500
20220512233000
20220512234500
20220513000000
20220513001500
20220513003000
20220513004500
20220513010000
20220513011500
20220513013000
20220513014500
20220513020000
20220513021500
20220513023000
20220513024500
20220513030000
20220513031500
20220513033000
20220513034500
20220513040000
20220513041500
20220513043000
20220513044500
20220513050000
20220513051500
20220513053000
20220513054500
20220513060000
20220513061500
20220513063000
20220513064500
20220513070000
20220513071500
20220513073000
20220513074500
20220513080000
20220513081500
20220513083000
20220513084500
20220513090000
20220513091500
20220513093000
20220513094500
20220513100000
20220513101500
20220513103000
20220513104500
20220513110000
20220513111500
20220513113000
20220513114500
20220513120000
20220513121500
20220513123000
20220513124500
20220513130000
20220513131500
20220513133000
20220513134500
20220513140000
20220513141500
20220513143000
20220513144500
20220513150000
20220513151500
20220513153000
20220513154500
20220513160000
20220513161500
20220513163000
20220513164500
20220513170000
20220513171500
20220513173000
20220513174500
20220513180000
20220513181500
20220513183000
20220513184500
20220513190000
20220513191500
20220513193000
20220513194500
20220513200000
20220513201500
20220513203000
20220513204500
20220513210000
20220513211500
20220513213000
20220513214500
20220513220000
20220513221500
20220513223000
20220513224500
20220513230000
20220513231500
20220513233000
20220513234500
20220514000000
20220514001500
20220514003000
20220514004500
20220514010000
20220514011500
20220514013000
20220514014500
20220514020000
20220514021500
20220514023000
20220514024500
20220514030000
20220514031500
20220514033000
20220514034500
20220514040000
20220514041500
20220514043000
20220514044500
20220514050000
20220514051500
20220514053000
20220514054500
20220514060000
20220514061500
20220514063000
20220514064500
20220514070000
20220514071500
20220514073000
20220514074500
20220514080000
20220514081500
20220514083000
20220514084500
20220514090000
20220514091500
20220514093000
20220514094500
20220514100000
20220514101500
20220514103000
20220514104500
20220514110000
20220514111500
20220514113000
20220514114500
20220514120000
20220514121500
20220514123000
20220514124500
20220514130000
20220514131500
20220514133000
20220514134500
20220514140000
20220514141500
20220514143000
20220514144500
20220514150000
20220514151500
20220514153000
20220514154500
20220514160000
20220514161500
20220514163000
20220514164500
20220514170000
20220514171500
20220514173000
20220514174500
20220514180000
20220514181500
20220514183000
20220514184500
20220514190000
20220514191500
20220514193000
20220514194500
20220514200000
20220514201500
20220514203000
20220514204500
20220514210000
20220514211500
20220514213000
20220514214500
20220514220000
20220514221500
20220514223000
20220514224500
20220514230000
20220514231500
20220514233000
20220514234500
20220515000000
20220515001500
20220515003000
20220515004500
20220515010000
20220515011500
20220515013000
20220515014500
20220515020000
20220515021500
20220515023000
20220515024500
20220515030000
20220515031500
20220515033000
20220515034500
20220515040000
20220515041500
20220515043000
20220515044500
20220515050000
20220515051500
20220515053000
20220515054500
20220515060000
20220515061500
20220515063000
20220515064500
20220515070000
20220515071500
20220515073000
20220515074500
20220515080000
20220515081500
20220515083000
20220515084500
20220515090000
20220515091500
20220515093000
20220515094500
20220515100000
20220515101500
20220515103000
20220515104500
20220515110000
20220515111500
20220515113000
20220515114500
20220515120000
20220515121500
20220515123000
20220515124500
20220515130000
20220515131500
20220515133000
20220515134500
20220515140000
20220515141500
20220515143000
20220515144500
20220515150000
20220515151500
20220515153000
20220515154500
20220515160000
20220515161500
20220515163000
20220515164500
20220515170000
20220515171500
20220515173000
20220515174500
20220515180000
20220515181500
20220515183000
20220515184500
20220515190000
20220515191500
20220515193000
20220515194500
20220515200000
20220515201500
20220515203000
20220515204500
20220515210000
20220515211500
20220515213000
20220515214500
20220515220000
20220515221500
20220515223000
20220515224500
20220515230000
20220515231500
20220515233000
20220515234500
20220516000000
20220516001500
20220516003000
20220516004500
20220516010000
20220516011500
20220516013000
20220516014500
20220516020000
20220516021500
20220516023000
20220516024500
20220516030000
20220516031500
20220516033000
20220516034500
20220516040000
20220516041500
20220516043000
20220516044500
20220516050000
20220516051500
20220516053000
20220516054500
20220516060000
20220516061500
20220516063000
20220516064500
20220516070000
20220516071500
20220516073000
20220516074500
20220516080000
20220516081500
20220516083000
20220516084500
20220516090000
20220516091500
20220516093000
20220516094500
20220516100000
20220516101500
20220516103000
20220516104500
20220516110000
20220516111500
20220516113000
20220516114500
20220516120000
20220516121500
20220516123000
20220516124500
20220516130000
20220516131500
20220516133000
20220516134500
20220516140000
20220516141500
20220516143000
20220516144500
20220516150000
20220516151500
20220516153000
20220516154500
20220516160000
20220516161500
20220516163000
20220516164500
20220516170000
20220516171500
20220516173000
20220516174500
20220516180000
20220516181500
20220516183000
20220516184500
20220516190000
20220516191500
20220516193000
20220516194500
20220516200000
20220516201500
20220516203000
20220516204500
20220516210000
20220516211500
20220516213000
20220516214500
20220516220000
20220516221500
20220516223000
20220516224500
20220516230000
20220516231500
20220516233000
20220516234500
20220517000000
20220517001500
20220517003000
20220517004500
20220517010000
20220517011500
20220517013000
20220517014500
20220517020000
20220517021500
20220517023000
20220517024500
20220517030000
20220517031500
20220517033000
20220517034500
20220517040000
20220517041500
20220517043000
20220517044500
20220517050000
20220517051500
20220517053000
20220517054500
20220517060000
20220517061500
20220517063000
20220517064500
20220517070000
20220517071500
20220517073000
20220517074500
20220517080000
20220517081500
20220517083000
20220517084500
20220517090000
20220517091500
20220517093000
20220517094500
20220517100000
20220517101500
20220517103000
20220517104500
20220517110000
20220517111500
20220517113000
20220517114500
20220517120000
20220517121500
20220517123000
20220517124500
20220517130000
20220517131500
20220517133000
20220517134500
20220517140000
20220517141500
20220517143000
20220517144500
20220517150000
20220517151500
20220517153000
20220517154500
20220517160000
20220517161500
20220517163000
20220517164500
20220517170000
20220517171500
20220517173000
20220517174500
20220517180000
20220517181500
20220517183000
20220517184500
20220517190000
20220517191500
20220517193000
20220517194500
20220517200000
20220517201500
20220517203000
20220517204500
20220517210000
20220517211500
20220517213000
20220517214500
20220517220000
20220517221500
20220517223000
20220517224500
20220517230000
20220517231500
20220517233000
20220517234500
20220518000000
20220518001500
20220518003000
20220518004500
20220518010000
20220518011500
20220518013000
20220518014500
20220518020000
20220518021500
20220518023000
20220518024500
20220518030000
20220518031500
20220518033000
20220518034500
20220518040000
20220518041500
20220518043000
20220518044500
20220518050000
20220518051500
20220518053000
20220518054500
20220518060000
20220518061500
20220518063000
20220518064500
20220518070000
20220518071500
20220518073000
20220518074500
20220518080000
20220518081500
20220518083000
20220518084500
20220518090000
20220518091500
20220518093000
20220518094500
20220518100000
20220518101500
20220518103000
20220518104500
20220518110000
20220518111500
20220518113000
20220518114500
20220518120000
20220518121500
20220518123000
20211101000000
20211101001500
20211101003000
20211101004500
20211101010000
20211101011500
20211101013000
20211101014500
20211101020000
20211101021500
20211101023000
20211101024500
20211101030000
20211101031500
20211101033000
20211101034500
20211101040000
20211101041500
20211101043000
20211101044500
20211101050000
20211101051500
20211101053000
20211101054500
20211101060000
20211101061500
20211101063000
20211101064500
20211101070000
20211101071500
20211101073000
20211101074500
20211101080000
20211101081500
20211101083000
20211101084500
20211101090000
20211101091500
20211101093000
20211101094500
20211101100000
20211101101500
20211101103000
20211101104500
20211101110000
20211101111500
20211101113000
20211101114500
20211101120000
20211101121500
20211101123000
20211101124500
20211101130000
20211101131500
20211101133000
20211101134500
20211101140000
20211101141500
20211101143000
20211101144500
20211101150000
20211101151500
20211101153000
20211101154500
20211101160000
20211101161500
20211101163000
20211101164500
20211101170000
20211101171500
20211101173000
20211101174500
20211101180000
20211101181500
20211101183000
20211101184500
20211101190000
20211101191500
20211101193000
20211101194500
20211101200000
20211101201500
20211101203000
20211101204500
20211101210000
20211101211500
20211101213000
20211101214500
20211101220000
20211101221500
20211101223000
20211101224500
20211101230000
20211101231500
20211101233000
20211101234500
20211102000000
20211102001500
20211102003000
20211102004500
20211102010000
20211102011500
20211102013000
20211102014500
20211102020000
20211102021500
20211102023000
20211102024500
20211102030000
20211102031500
20211102033000
20211102034500
20211102040000
20211102041500
20211102043000
20211102044500
20211102050000
20211102051500
20211102053000
20211102054500
20211102060000
20211102061500
20211102063000
20211102064500
20211102070000
20211102071500
20211102073000
20211102074500
20211102080000
20211102081500
20211102083000
20211102084500
20211102090000
20211102091500
20211102093000
20211102094500
20211102100000
20211102101500
20211102103000
20211102104500
20211102110000
20211102111500
20211102113000
20211102114500
20211102120000
20211102121500
20211102123000
20211102124500
20211102130000
20211102131500
20211102133000
20211102134500
20211102140000
20211102141500
20211102143000
20211102144500
20211102150000
20211102151500
20211102153000
20211102154500
20211102160000
20211102161500
20211102163000
20211102164500
20211102170000
20211102171500
20211102173000
20211102174500
20211102180000
20211102181500
20211102183000
20211102184500
20211102190000
20211102191500
20211102193000
20211102194500
20211102200000
20211102201500
20211102203000
20211102204500
20211102210000
20211102211500
20211102213000
20211102214500
20211102220000
20211102221500
20211102223000
20211102224500
20211102230000
20211102231500
20211102233000
20211102234500
20211103000000
20211103001500
20211103003000
20211103004500
20211103010000
20211103011500
20211103013000
20211103014500
20211103020000
20211103021500
20211103023000
20211103024500
20211103030000
20211103031500
20211103033000
20211103034500
20211103040000
20211103041500
20211103043000
20211103044500
20211103050000
20211103051500
20211103053000
20211103054500
20211103060000
20211103061500
20211103063000
20211103064500
20211103070000
20211103071500
20211103073000
20211103074500
20211103080000
20211103081500
20211103083000
20211103084500
20211103090000
20211103091500
20211103093000
20211103094500
20211103100000
20211103101500
20211103103000
20211103104500
20211103110000
20211103111500
20211103113000
20211103114500
20211103120000
20211103121500
20211103123000
20211103124500
20211103130000
20211103131500
20211103133000
20211103134500
20211103140000
20211103141500
20211103143000
20211103144500
20211103150000
20211103151500
20211103153000
20211103154500
20211103160000
20211103161500
20211103163000
20211103164500
20211103170000
20211103171500
20211103173000
20211103174500
20211103180000
20211103181500
20211103183000
20211103184500
20211103190000
20211103191500
20211103193000
20211103194500
20211103200000
20211103201500
20211103203000
20211103204500
20211103210000
20211103211500
20211103213000
20211103214500
20211103220000
20211103221500
20211103223000
20211103224500
20211103230000
20211103231500
20211103233000
20211103234500
20211104000000
20211104001500
20211104003000
20211104004500
20211104010000
20211104011500
20211104013000
20211104014500
20211104020000
20211104021500
20211104023000
20211104024500
20211104030000
20211104031500
20211104033000
20211104034500
20211104040000
20211104041500
20211104043000
20211104044500
20211104050000
20211104051500
20211104053000
20211104054500
20211104060000
20211104061500
20211104063000
20211104064500
20211104070000
20211104071500
20211104073000
20211104074500
20211104080000
20211104081500
20211104083000
20211104084500
20211104090000
20211104091500
20211104093000
20211104094500
20211104100000
20211104101500
20211104103000
20211104104500
20211104110000
20211104111500
20211104113000
20211104114500
20211104120000
20211104121500
20211104123000
20211104124500
20211104130000
20211104131500
20211104133000
20211104134500
20211104140000
20211104141500
20211104143000
20211104144500
20211104150000
20211104151500
20211104153000
20211104154500
20211104160000
20211104161500
20211104163000
20211104164500
20211104170000
20211104171500
20211104173000
20211104174500
20211104180000
20211104181500
20211104183000
20211104184500
20211104190000
20211104191500
20211104193000
20211104194500
20211104200000
20211104201500
20211104203000
20211104204500
20211104210000
20211104211500
20211104213000
20211104214500
20211104220000
20211104221500
20211104223000
20211104224500
20211104230000
20211104231500
20211104233000
20211104234500
20211105000000
20211105001500
20211105003000
20211105004500
20211105010000
20211105011500
20211105013000
20211105014500
20211105020000
20211105021500
20211105023000
20211105024500
20211105030000
20211105031500
20211105033000
20211105034500
20211105040000
20211105041500
20211105043000
20211105044500
20211105050000
20211105051500
20211105053000
20211105054500
20211105060000
20211105061500
20211105063000
20211105064500
20211105070000
20211105071500
20211105073000
20211105074500
20211105080000
20211105081500
20211105083000
20211105084500
20211105090000
20211105091500
20211105093000
20211105094500
20211105100000
20211105101500
20211105103000
20211105104500
20211105110000
20211105111500
20211105113000
20211105114500
20211105120000
20211105121500
20211105123000
20211105124500
20211105130000
20211105131500
20211105133000
20211105134500
20211105140000
20211105141500
20211105143000
20211105144500
20211105150000
20211105151500
20211105153000
20211105154500
20211105160000
20211105161500
20211105163000
20211105164500
20211105170000
20211105171500
20211105173000
20211105174500
20211105180000
20211105181500
20211105183000
20211105184500
20211105190000
20211105191500
20211105193000
20211105194500
20211105200000
20211105201500
20211105203000
20211105204500
20211105210000
20211105211500
20211105213000
20211105214500
20211105220000
20211105221500
20211105223000
20211105224500
20211105230000
20211105231500
20211105233000
20211105234500
20211106000000
20211106001500
20211106003000
20211106004500
20211106010000
20211106011500
20211106013000
20211106014500
20211106020000
20211106021500
20211106023000
20211106024500
20211106030000
20211106031500
20211106033000
20211106034500
20211106040000
20211106041500
20211106043000
20211106044500
20211106050000
20211106051500
20211106053000
20211106054500
20211106060000
20211106061500
20211106063000
20211106064500
20211106070000
20211106071500
20211106073000
20211106074500
20211106080000
20211106081500
20211106083000
20211106084500
20211106090000
20211106091500
20211106093000
20211106094500
20211106100000
20211106101500
20211106103000
20211106104500
20211106110000
20211106111500
20211106113000
20211106114500
20211106120000
20211106121500
20211106123000
20211106124500
20211106130000
20211106131500
20211106133000
20211106134500
20211106140000
20211106141500
20211106143000
20211106144500
20211106150000
20211106151500
20211106153000
20211106154500
20211106160000
20211106161500
20211106163000
20211106164500
20211106170000
20211106171500
20211106173000
20211106174500
20211106180000
20211106181500
20211106183000
20211106184500
20211106190000
20211106191500
20211106193000
20211106194500
20211106200000
20211106201500
20211106203000
20211106204500
20211106210000
20211106211500
20211106213000
20211106214500
20211106220000
20211106221500
20211106223000
20211106224500
20211106230000
20211106231500
20211106233000
20211106234500
20211107000000
20211107001500
20211107003000
20211107004500
20211107010000
20211107011500
20211107013000
20211107014500
20211107020000
20211107021500
20211107023000
20211107024500
20211107030000
20211107031500
20211107033000
20211107034500
20211107040000
20211107041500
20211107043000
20211107044500
20211107050000
20211107051500
20211107053000
20211107054500
20211107060000
20211107061500
20211107063000
20211107064500
20211107070000
20211107071500
20211107073000
20211107074500
20211107080000
20211107081500
20211107083000
20211107084500
20211107090000
20211107091500
20211107093000
20211107094500
20211107100000
20211107101500
20211107103000
20211107104500
20211107110000
20211107111500
20211107113000
20211107114500
20211107120000
20211107121500
20211107123000
20211107124500
20211107130000
20211107131500
20211107133000
20211107134500
20211107140000
20211107141500
20211107143000
20211107144500
20211107150000
20211107151500
20211107153000
20211107154500
20211107160000
20211107161500
20211107163000
20211107164500
20211107170000
20211107171500
20211107173000
20211107174500
20211107180000
20211107181500
20211107183000
20211107184500
20211107190000
20211107191500
20211107193000
20211107194500
20211107200000
20211107201500
20211107203000
20211107204500
20211107210000
20211107211500
20211107213000
20211107214500
20211107220000
20211107221500
20211107223000
20211107224500
20211107230000
20211107231500
20211107233000
20211107234500
20211108000000
20211108001500
20211108003000
20211108004500
20211108010000
20211108011500
20211108013000
20211108014500
20211108020000
20211108021500
20211108023000
20211108024500
20211108030000
20211108031500
20211108033000
20211108034500
20211108040000
20211108041500
20211108043000
20211108044500
20211108050000
20211108051500
20211108053000
20211108054500
20211108060000
20211108061500
20211108063000
20211108064500
20211108070000
20211108071500
20211108073000
20211108074500
20211108080000
20211108081500
20211108083000
20211108084500
20211108090000
20211108091500
20211108093000
20211108094500
20211108100000
20211108101500
20211108103000
20211108104500
20211108110000
20211108111500
20211108113000
20211108114500
20211108120000
20211108121500
20211108123000
20211108124500
20211108130000
20211108131500
20211108133000
20211108134500
20211108140000
20211108141500
20211108143000
20211108144500
20211108150000
20211108151500
20211108153000
20211108154500
20211108160000
20211108161500
20211108163000
20211108164500
20211108170000
20211108171500
20211108173000
20211108174500
20211108180000
20211108181500
20211108183000
20211108184500
20211108190000
20211108191500
20211108193000
20211108194500
20211108200000
20211108201500
20211108203000
20211108204500
20211108210000
20211108211500
20211108213000
20211108214500
20211108220000
20211108221500
20211108223000
20211108224500
20211108230000
20211108231500
20211108233000
20211108234500
20211109000000
20211109001500
20211109003000
20211109004500
20211109010000
20211109011500
20211109013000
20211109014500
20211109020000
20211109021500
20211109023000
20211109024500
20211109030000
20211109031500
20211109033000
20211109034500
20211109040000
20211109041500
20211109043000
20211109044500
20211109050000
20211109051500
20211109053000
20211109054500
20211109060000
20211109061500
20211109063000
20211109064500
20211109070000
20211109071500
20211109073000
20211109074500
20211109080000
20211109081500
20211109083000
20211109084500
20211109090000
20211109091500
20211109093000
20211109094500
20211109100000
20211109101500
20211109103000
20211109104500
20211109110000
20211109111500
20211109113000
20211109114500
20211109120000
20211109121500
20211109123000
20211109124500
20211109130000
20211109131500
20211109133000
20211109134500
20211109140000
20211109141500
20211109143000
20211109144500
20211109150000
20211109151500
20211109153000
20211109154500
20211109160000
20211109161500
20211109163000
20211109164500
20211109170000
20211109171500
20211109173000
20211109174500
20211109180000
20211109181500
20211109183000
20211109184500
20211109190000
20211109191500
20211109193000
20211109194500
20211109200000
20211109201500
20211109203000
20211109204500
20211109210000
20211109211500
20211109213000
20211109214500
20211109220000
20211109221500
20211109223000
20211109224500
20211109230000
20211109231500
20211109233000
20211109234500
20211110000000
20211110001500
20211110003000
20211110004500
20211110010000
20211110011500
20211110013000
20211110014500
20211110020000
20211110021500
20211110023000
20211110024500
20211110030000
20211110031500
20211110033000
20211110034500
20211110040000
20211110041500
20211110043000
20211110044500
20211110050000
20211110051500
20211110053000
20211110054500
20211110060000
20211110061500
20211110063000
20211110064500
20211110070000
20211110071500
20211110073000
20211110074500
20211110080000
20211110081500
20211110083000
20211110084500
20211110090000
20211110091500
20211110093000
20211110094500
20211110100000
20211110101500
20211110103000
20211110104500
20211110110000
20211110111500
20211110113000
20211110114500
20211110120000
20211110121500
20211110123000
20211110124500
20211110130000
20211110131500
20211110133000
20211110134500
20211110140000
20211110141500
20211110143000
20211110144500
20211110150000
20211110151500
20211110153000
20211110154500
20211110160000
20211110161500
20211110163000
20211110164500
20211110170000
20211110171500
20211110173000
20211110174500
20211110180000
20211110181500
20211110183000
20211110184500
20211110190000
20211110191500
20211110193000
20211110194500
20211110200000
20211110201500
20211110203000
20211110204500
20211110210000
20211110211500
20211110213000
20211110214500
20211110220000
20211110221500
20211110223000
20211110224500
20211110230000
20211110231500
20211110233000
20211110234500
20211111000000
20211111001500
20211111003000
20211111004500
20211111010000
20211111011500
20211111013000
20211111014500
20211111020000
20211111021500
20211111023000
20211111024500
20211111030000
20211111031500
20211111033000
20211111034500
20211111040000
20211111041500
20211111043000
20211111044500
20211111050000
20211111051500
20211111053000
20211111054500
20211111060000
20211111061500
20211111063000
20211111064500
20211111070000
20211111071500
20211111073000
20211111074500
20211111080000
20211111081500
20211111083000
20211111084500
20211111090000
20211111091500
20211111093000
20211111094500
20211111100000
20211111101500
20211111103000
20211111104500
20211111110000
20211111111500
20211111113000
20211111114500
20211111120000
20211111121500
20211111123000
20211111124500
20211111130000
20211111131500
20211111133000
20211111134500
20211111140000
20211111141500
20211111143000
20211111144500
20211111150000
20211111151500
20211111153000
20211111154500
20211111160000
20211111161500
20211111163000
20211111164500
20211111170000
20211111171500
20211111173000
20211111174500
20211111180000
20211111181500
20211111183000
20211111184500
20211111190000
20211111191500
20211111193000
20211111194500
20211111200000
20211111201500
20211111203000
20211111204500
20211111210000
20211111211500
20211111213000
20211111214500
20211111220000
20211111221500
20211111223000
20211111224500
20211111230000
20211111231500
20211111233000
20211111234500
20211112000000
20211112001500
20211112003000
20211112004500
20211112010000
20211112011500
20211112013000
20211112014500
20211112020000
20211112021500
20211112023000
20211112024500
20211112030000
20211112031500
20211112033000
20211112034500
20211112040000
20211112041500
20211112043000
20211112044500
20211112050000
20211112051500
20211112053000
20211112054500
20211112060000
20211112061500
20211112063000
20211112064500
20211112070000
20211112071500
20211112073000
20211112074500
20211112080000
20211112081500
20211112083000
20211112084500
20211112090000
20211112091500
20211112093000
20211112094500
20211112100000
20211112101500
20211112103000
20211112104500
20211112110000
20211112111500
20211112113000
20211112114500
20211112120000
20211112121500
20211112123000
20211112124500
20211112130000
20211112131500
20211112133000
20211112134500
20211112140000
20211112141500
20211112143000
20211112144500
20211112150000
20211112151500
20211112153000
20211112154500
20211112160000
20211112161500
20211112163000
20211112164500
20211112170000
20211112171500
20211112173000
20211112174500
20211112180000
20211112181500
20211112183000
20211112184500
20211112190000
20211112191500
20211112193000
20211112194500
20211112200000
20211112201500
20211112203000
20211112204500
20211112210000
20211112211500
20211112213000
20211112214500
20211112220000
20211112221500
20211112223000
20211112224500
20211112230000
20211112231500
20211112233000
20211112234500
20211113000000
20211113001500
20211113003000
20211113004500
20211113010000
20211113011500
20211113013000
20211113014500
20211113020000
20211113021500
20211113023000
20211113024500
20211113030000
20211113031500
20211113033000
20211113034500
20211113040000
20211113041500
20211113043000
20211113044500
20211113050000
20211113051500
20211113053000
20211113054500
20211113060000
20211113061500
20211113063000
20211113064500
20211113070000
20211113071500
20211113073000
20211113074500
20211113080000
20211113081500
20211113083000
20211113084500
20211113090000
20211113091500
20211113093000
20211113094500
20211113100000
20211113101500
20211113103000
20211113104500
20211113110000
20211113111500
20211113113000
20211113114500
20211113120000
20211113121500
20211113123000
20211113124500
20211113130000
20211113131500
20211113133000
20211113134500
20211113140000
20211113141500
20211113143000
20211113144500
20211113150000
20211113151500
20211113153000
20211113154500
20211113160000
20211113161500
20211113163000
20211113164500
20211113170000
20211113171500
20211113173000
20211113174500
20211113180000
20211113181500
20211113183000
20211113184500
20211113190000
20211113191500
20211113193000
20211113194500
20211113200000
20211113201500
20211113203000
20211113204500
20211113210000
20211113211500
20211113213000
20211113214500
20211113220000
20211113221500
20211113223000
20211113224500
20211113230000
20211113231500
20211113233000
20211113234500
20211114000000
20211114001500
20211114003000
20211114004500
20211114010000
20211114011500
20211114013000
20211114014500
20211114020000
20211114021500
20211114023000
20211114024500
20211114030000
20211114031500
20211114033000
20211114034500
20211114040000
20211114041500
20211114043000
20211114044500
20211114050000
20211114051500
20211114053000
20211114054500
20211114060000
20211114061500
20211114063000
20211114064500
20211114070000
20211114071500
20211114073000
20211114074500
20211114080000
20211114081500
20211114083000
20211114084500
20211114090000
20211114091500
20211114093000
20211114094500
20211114100000
20211114101500
20211114103000
20211114104500
20211114110000
20211114111500
20211114113000
20211114114500
20211114120000
20211114121500
20211114123000
20211114124500
20211114130000
20211114131500
20211114133000
20211114134500
20211114140000
20211114141500
20211114143000
20211114144500
20211114150000
20211114151500
20211114153000
20211114154500
20211114160000
20211114161500
20211114163000
20211114164500
20211114170000
20211114171500
20211114173000
20211114174500
20211114180000
20211114181500
20211114183000
20211114184500
20211114190000
20211114191500
20211114193000
20211114194500
20211114200000
20211114201500
20211114203000
20211114204500
20211114210000
20211114211500
20211114213000
20211114214500
20211114220000
20211114221500
20211114223000
20211114224500
20211114230000
20211114231500
20211114233000
20211114234500
20211115000000
20211115001500
20211115003000
20211115004500
20211115010000
20211115011500
20211115013000
20211115014500
20211115020000
20211115021500
20211115023000
20211115024500
20211115030000
20211115031500
20211115033000
20211115034500
20211115040000
20211115041500
20211115043000
20211115044500
20211115050000
20211115051500
20211115053000
20211115054500
20211115060000
20211115061500
20211115063000
20211115064500
20211115070000
20211115071500
20211115073000
20211115074500
20211115080000
20211115081500
20211115083000
20211115084500
20211115090000
20211115091500
20211115093000
20211115094500
20211115100000
20211115101500
20211115103000
20211115104500
20211115110000
20211115111500
20211115113000
20211115114500
20211115120000
20211115121500
20211115123000
20211115124500
20211115130000
20211115131500
20211115133000
20211115134500
20211115140000
20211115141500
20211115143000
20211115144500
20211115150000
20211115151500
20211115153000
20211115154500
20211115160000
20211115161500
20211115163000
20211115164500
20211115170000
20211115171500
20211115173000
20211115174500
20211115180000
20211115181500
20211115183000
20211115184500
20211115190000
20211115191500
20211115193000
20211115194500
20211115200000
20211115201500
20211115203000
20211115204500
20211115210000
20211115211500
20211115213000
20211115214500
20211115220000
20211115221500
20211115223000
20211115224500
20211115230000
20211115231500
20211115233000
20211115234500
20211116000000
20211116001500
20211116003000
20211116004500
20211116010000
20211116011500
20211116013000
20211116014500
20211116020000
20211116021500
20211116023000
20211116024500
20211116030000
20211116031500
20211116033000
20211116034500
20211116040000
20211116041500
20211116043000
20211116044500
20211116050000
20211116051500
20211116053000
20211116054500
20211116060000
20211116061500
20211116063000
20211116064500
20211116070000
20211116071500
20211116073000
20211116074500
20211116080000
20211116081500
20211116083000
20211116084500
20211116090000
20211116091500
20211116093000
20211116094500
20211116100000
20211116101500
20211116103000
20211116104500
20211116110000
20211116111500
20211116113000
20211116114500
20211116120000
20211116121500
20211116123000
20211116124500
20211116130000
20211116131500
20211116133000
20211116134500
20211116140000
20211116141500
20211116143000
20211116144500
20211116150000
20211116151500
20211116153000
20211116154500
20211116160000
20211116161500
20211116163000
20211116164500
20211116170000
20211116171500
20211116173000
20211116174500
20211116180000
20211116181500
20211116183000
20211116184500
20211116190000
20211116191500
20211116193000
20211116194500
20211116200000
20211116201500
20211116203000
20211116204500
20211116210000
20211116211500
20211116213000
20211116214500
20211116220000
20211116221500
20211116223000
20211116224500
20211116230000
20211116231500
20211116233000
20211116234500
20211117000000
20211117001500
20211117003000
20211117004500
20211117010000
20211117011500
20211117013000
20211117014500
20211117020000
20211117021500
20211117023000
20211117024500
20211117030000
20211117031500
20211117033000
20211117034500
20211117040000
20211117041500
20211117043000
20211117044500
20211117050000
20211117051500
20211117053000
20211117054500
20211117060000
20211117061500
20211117063000
20211117064500
20211117070000
20211117071500
20211117073000
20211117074500
20211117080000
20211117081500
20211117083000
20211117084500
20211117090000
20211117091500
20211117093000
20211117094500
20211117100000
20211117101500
20211117103000
20211117104500
20211117110000
20211117111500
20211117113000
20211117114500
20211117120000
20211117121500
20211117123000
20211117124500
20211117130000
20211117131500
20211117133000
20211117134500
20211117140000
20211117141500
20211117143000
20211117144500
20211117150000
20211117151500
20211117153000
20211117154500
20211117160000
20211117161500
20211117163000
20211117164500
20211117170000
20211117171500
20211117173000
20211117174500
20211117180000
20211117181500
20211117183000
20211117184500
20211117190000
20211117191500
20211117193000
20211117194500
20211117200000
20211117201500
20211117203000
20211117204500
20211117210000
20211117211500
20211117213000
20211117214500
20211117220000
20211117221500
20211117223000
20211117224500
20211117230000
20211117231500
20211117233000
20211117234500
20211118000000
20211118001500
20211118003000
20211118004500
20211118010000
20211118011500
20211118013000
20211118014500
20211118020000
20211118021500
20211118023000
20211118024500
20211118030000
20211118031500
20211118033000
20211118034500
20211118040000
20211118041500
20211118043000
20211118044500
20211118050000
20211118051500
20211118053000
20211118054500
20211118060000
20211118061500
20211118063000
20211118064500
20211118070000
20211118071500
20211118073000
20211118074500
20211118080000
20211118081500
20211118083000
20211118084500
20211118090000
20211118091500
20211118093000
20211118094500
20211118100000
20211118101500
20211118103000
20211118104500
20211118110000
20211118111500
20211118113000
20211118114500
20211118120000
20211118121500
20211118123000
20211118124500
20211118130000
20211118131500
20211118133000
20211118134500
20211118140000
20211118141500
20211118143000
20211118144500
20211118150000
20211118151500
20211118153000
20211118154500
20211118160000
20211118161500
20211118163000
20211118164500
20211118170000
20211118171500
20211118173000
20211118174500
20211118180000
20211118181500
20211118183000
20211118184500
20211118190000
20211118191500
20211118193000
20211118194500
20211118200000
20211118201500
20211118203000
20211118204500
20211118210000
20211118211500
20211118213000
20211118214500
20211118220000
20211118221500
20211118223000
20211118224500
20211118230000
20211118231500
20211118233000
20211118234500
20211119000000
20211119001500
20211119003000
20211119004500
20211119010000
20211119011500
20211119013000
20211119014500
20211119020000
20211119021500
20211119023000
20211119024500
20211119030000
20211119031500
20211119033000
20211119034500
20211119040000
20211119041500
20211119043000
20211119044500
20211119050000
20211119051500
20211119053000
20211119054500
20211119060000
20211119061500
20211119063000
20211119064500
20211119070000
20211119071500
20211119073000
20211119074500
20211119080000
20211119081500
20211119083000
20211119084500
20211119090000
20211119091500
20211119093000
20211119094500
20211119100000
20211119101500
20211119103000
20211119104500
20211119110000
20211119111500
20211119113000
20211119114500
20211119120000
20211119121500
20211119123000
20211119124500
20211119130000
20211119131500
20211119133000
20211119134500
20211119140000
20211119141500
20211119143000
20211119144500
20211119150000
20211119151500
20211119153000
20211119154500
20211119160000
20211119161500
20211119163000
20211119164500
20211119170000
20211119171500
20211119173000
20211119174500
20211119180000
20211119181500
20211119183000
20211119184500
20211119190000
20211119191500
20211119193000
20211119194500
20211119200000
20211119201500
20211119203000
20211119204500
20211119210000
20211119211500
20211119213000
20211119214500
20211119220000
20211119221500
20211119223000
20211119224500
20211119230000
20211119231500
20211119233000
20211119234500
20211120000000
20211120001500
20211120003000
20211120004500
20211120010000
20211120011500
20211120013000
20211120014500
20211120020000
20211120021500
20211120023000
20211120024500
20211120030000
20211120031500
20211120033000
20211120034500
20211120040000
20211120041500
20211120043000
20211120044500
20211120050000
20211120051500
20211120053000
20211120054500
20211120060000
20211120061500
20211120063000
20211120064500
20211120070000
20211120071500
20211120073000
20211120074500
20211120080000
20211120081500
20211120083000
20211120084500
20211120090000
20211120091500
20211120093000
20211120094500
20211120100000
20211120101500
20211120103000
20211120104500
20211120110000
20211120111500
20211120113000
20211120114500
20211120120000
20211120121500
20211120123000
20211120124500
20211120130000
20211120131500
20211120133000
20211120134500
20211120140000
20211120141500
20211120143000
20211120144500
20211120150000
20211120151500
20211120153000
20211120154500
20211120160000
20211120161500
20211120163000
20211120164500
20211120170000
20211120171500
20211120173000
20211120174500
20211120180000
20211120181500
20211120183000
20211120184500
20211120190000
20211120191500
20211120193000
20211120194500
20211120200000
20211120201500
20211120203000
20211120204500
20211120210000
20211120211500
20211120213000
20211120214500
20211120220000
20211120221500
20211120223000
20211120224500
20211120230000
20211120231500
20211120233000
20211120234500
20211121000000
20211121001500
20211121003000
20211121004500
20211121010000
20211121011500
20211121013000
20211121014500
20211121020000
20211121021500
20211121023000
20211121024500
20211121030000
20211121031500
20211121033000
20211121034500
20211121040000
20211121041500
20211121043000
20211121044500
20211121050000
20211121051500
20211121053000
20211121054500
20211121060000
20211121061500
20211121063000
20211121064500
20211121070000
20211121071500
20211121073000
20211121074500
20211121080000
20211121081500
20211121083000
20211121084500
20211121090000
20211121091500
20211121093000
20211121094500
20211121100000
20211121101500
20211121103000
20211121104500
20211121110000
20211121111500
20211121113000
20211121114500
20211121120000
20211121121500
20211121123000
20211121124500
20211121130000
20211121131500
20211121133000
20211121134500
20211121140000
20211121141500
20211121143000
20211121144500
20211121150000
20211121151500
20211121153000
20211121154500
20211121160000
20211121161500
20211121163000
20211121164500
20211121170000
20211121171500
20211121173000
20211121174500
20211121180000
20211121181500
20211121183000
20211121184500
20211121190000
20211121191500
20211121193000
20211121194500
20211121200000
20211121201500
20211121203000
20211121204500
20211121210000
20211121211500
20211121213000
20211121214500
20211121220000
20211121221500
20211121223000
20211121224500
20211121230000
20211121231500
20211121233000
20211121234500
20211122000000
20211122001500
20211122003000
20211122004500
20211122010000
20211122011500
20211122013000
20211122014500
20211122020000
20211122021500
20211122023000
20211122024500
20211122030000
20211122031500
20211122033000
20211122034500
20211122040000
20211122041500
20211122043000
20211122044500
20211122050000
20211122051500
20211122053000
20211122054500
20211122060000
20211122061500
20211122063000
20211122064500
20211122070000
20211122071500
20211122073000
20211122074500
20211122080000
20211122081500
20211122083000
20211122084500
20211122090000
20211122091500
20211122093000
20211122094500
20211122100000
20211122101500
20211122103000
20211122104500
20211122110000
20211122111500
20211122113000
20211122114500
20211122120000
20211122121500
20211122123000
20211122124500
20211122130000
20211122131500
20211122133000
20211122134500
20211122140000
20211122141500
20211122143000
20211122144500
20211122150000
20211122151500
20211122153000
20211122154500
20211122160000
20211122161500
20211122163000
20211122164500
20211122170000
20211122171500
20211122173000
20211122174500
20211122180000
20211122181500
20211122183000
20211122184500
20211122190000
20211122191500
20211122193000
20211122194500
20211122200000
20211122201500
20211122203000
20211122204500
20211122210000
20211122211500
20211122213000
20211122214500
20211122220000
20211122221500
20211122223000
20211122224500
20211122230000
20211122231500
20211122233000
20211122234500
20211123000000
20211123001500
20211123003000
20211123004500
20211123010000
20211123011500
20211123013000
20211123014500
20211123020000
20211123021500
20211123023000
20211123024500
20211123030000
20211123031500
20211123033000
20211123034500
20211123040000
20211123041500
20211123043000
20211123044500
20211123050000
20211123051500
20211123053000
20211123054500
20211123060000
20211123061500
20211123063000
20211123064500
20211123070000
20211123071500
20211123073000
20211123074500
20211123080000
20211123081500
20211123083000
20211123084500
20211123090000
20211123091500
20211123093000
20211123094500
20211123100000
20211123101500
20211123103000
20211123104500
20211123110000
20211123111500
20211123113000
20211123114500
20211123120000
20211123121500
20211123123000
20211123124500
20211123130000
20211123131500
20211123133000
20211123134500
20211123140000
20211123141500
20211123143000
20211123144500
20211123150000
20211123151500
20211123153000
20211123154500
20211123160000
20211123161500
20211123163000
20211123164500
20211123170000
20211123171500
20211123173000
20211123174500
20211123180000
20211123181500
20211123183000
20211123184500
20211123190000
20211123191500
20211123193000
20211123194500
20211123200000
20211123201500
20211123203000
20211123204500
20211123210000
20211123211500
20211123213000
20211123214500
20211123220000
20211123221500
20211123223000
20211123224500
20211123230000
20211123231500
20211123233000
20211123234500
20211124000000
20211124001500
20211124003000
20211124004500
20211124010000
20211124011500
20211124013000
20211124014500
20211124020000
20211124021500
20211124023000
20211124024500
20211124030000
20211124031500
20211124033000
20211124034500
20211124040000
20211124041500
20211124043000
20211124044500
20211124050000
20211124051500
20211124053000
20211124054500
20211124060000
20211124061500
20211124063000
20211124064500
20211124070000
20211124071500
20211124073000
20211124074500
20211124080000
20211124081500
20211124083000
20211124084500
20211124090000
20211124091500
20211124093000
20211124094500
20211124100000
20211124101500
20211124103000
20211124104500
20211124110000
20211124111500
20211124113000
20211124114500
20211124120000
20211124121500
20211124123000
20211124124500
20211124130000
20211124131500
20211124133000
20211124134500
20211124140000
20211124141500
20211124143000
20211124144500
20211124150000
20211124151500
20211124153000
20211124154500
20211124160000
20211124161500
20211124163000
20211124164500
20211124170000
20211124171500
20211124173000
20211124174500
20211124180000
20211124181500
20211124183000
20211124184500
20211124190000
20211124191500
20211124193000
20211124194500
20211124200000
20211124201500
20211124203000
20211124204500
20211124210000
20211124211500
20211124213000
20211124214500
20211124220000
20211124221500
20211124223000
20211124224500
20211124230000
20211124231500
20211124233000
20211124234500
20211125000000
20211125001500
20211125003000
20211125004500
20211125010000
20211125011500
20211125013000
20211125014500
20211125020000
20211125021500
20211125023000
20211125024500
20211125030000
20211125031500
20211125033000
20211125034500
20211125040000
20211125041500
20211125043000
20211125044500
20211125050000
20211125051500
20211125053000
20211125054500
20211125060000
20211125061500
20211125063000
20211125064500
20211125070000
20211125071500
20211125073000
20211125074500
20211125080000
20211125081500
20211125083000
20211125084500
20211125090000
20211125091500
20211125093000
20211125094500
20211125100000
20211125101500
20211125103000
20211125104500
20211125110000
20211125111500
20211125113000
20211125114500
20211125120000
20211125121500
20211125123000
20211125124500
20211125130000
20211125131500
20211125133000
20211125134500
20211125140000
20211125141500
20211125143000
20211125144500
20211125150000
20211125151500
20211125153000
20211125154500
20211125160000
20211125161500
20211125163000
20211125164500
20211125170000
20211125171500
20211125173000
20211125174500
20211125180000
20211125181500
20211125183000
20211125184500
20211125190000
20211125191500
20211125193000
20211125194500
20211125200000
20211125201500
20211125203000
20211125204500
20211125210000
20211125211500
20211125213000
20211125214500
20211125220000
20211125221500
20211125223000
20211125224500
20211125230000
20211125231500
20211125233000
20211125234500
20211126000000
20211126001500
20211126003000
20211126004500
20211126010000
20211126011500
20211126013000
20211126014500
20211126020000
20211126021500
20211126023000
20211126024500
20211126030000
20211126031500
20211126033000
20211126034500
20211126040000
20211126041500
20211126043000
20211126044500
20211126050000
20211126051500
20211126053000
20211126054500
20211126060000
20211126061500
20211126063000
20211126064500
20211126070000
20211126071500
20211126073000
20211126074500
20211126080000
20211126081500
20211126083000
20211126084500
20211126090000
20211126091500
20211126093000
20211126094500
20211126100000
20211126101500
20211126103000
20211126104500
20211126110000
20211126111500
20211126113000
20211126114500
20211126120000
20211126121500
20211126123000
20211126124500
20211126130000
20211126131500
20211126133000
20211126134500
20211126140000
20211126141500
20211126143000
20211126144500
20211126150000
20211126151500
20211126153000
20211126154500
20211126160000
20211126161500
20211126163000
20211126164500
20211126170000
20211126171500
20211126173000
20211126174500
20211126180000
20211126181500
20211126183000
20211126184500
20211126190000
20211126191500
20211126193000
20211126194500
20211126200000
20211126201500
20211126203000
20211126204500
20211126210000
20211126211500
20211126213000
20211126214500
20211126220000
20211126221500
20211126223000
20211126224500
20211126230000
20211126231500
20211126233000
20211126234500
20211127000000
20211127001500
20211127003000
20211127004500
20211127010000
20211127011500
20211127013000
20211127014500
20211127020000
20211127021500
20211127023000
20211127024500
20211127030000
20211127031500
20211127033000
20211127034500
20211127040000
20211127041500
20211127043000
20211127044500
20211127050000
20211127051500
20211127053000
20211127054500
20211127060000
20211127061500
20211127063000
20211127064500
20211127070000
20211127071500
20211127073000
20211127074500
20211127080000
20211127081500
20211127083000
20211127084500
20211127090000
20211127091500
20211127093000
20211127094500
20211127100000
20211127101500
20211127103000
20211127104500
20211127110000
20211127111500
20211127113000
20211127114500
20211127120000
20211127121500
20211127123000
20211127124500
20211127130000
20211127131500
20211127133000
20211127134500
20211127140000
20211127141500
20211127143000
20211127144500
20211127150000
20211127151500
20211127153000
20211127154500
20211127160000
20211127161500
20211127163000
20211127164500
20211127170000
20211127171500
20211127173000
20211127174500
20211127180000
20211127181500
20211127183000
20211127184500
20211127190000
20211127191500
20211127193000
20211127194500
20211127200000
20211127201500
20211127203000
20211127204500
20211127210000
20211127211500
20211127213000
20211127214500
20211127220000
20211127221500
20211127223000
20211127224500
20211127230000
20211127231500
20211127233000
20211127234500
20211128000000
20211128001500
20211128003000
20211128004500
20211128010000
20211128011500
20211128013000
20211128014500
20211128020000
20211128021500
20211128023000
20211128024500
20211128030000
20211128031500
20211128033000
20211128034500
20211128040000
20211128041500
20211128043000
20211128044500
20211128050000
20211128051500
20211128053000
20211128054500
20211128060000
20211128061500
20211128063000
20211128064500
20211128070000
20211128071500
20211128073000
20211128074500
20211128080000
20211128081500
20211128083000
20211128084500
20211128090000
20211128091500
20211128093000
20211128094500
20211128100000
20211128101500
20211128103000
20211128104500
20211128110000
20211128111500
20211128113000
20211128114500
20211128120000
20211128121500
20211128123000
20211128124500
20211128130000
20211128131500
20211128133000
20211128134500
20211128140000
20211128141500
20211128143000
20211128144500
20211128150000
20211128151500
20211128153000
20211128154500
20211128160000
20211128161500
20211128163000
20211128164500
20211128170000
20211128171500
20211128173000
20211128174500
20211128180000
20211128181500
20211128183000
20211128184500
20211128190000
20211128191500
20211128193000
20211128194500
20211128200000
20211128201500
20211128203000
20211128204500
20211128210000
20211128211500
20211128213000
20211128214500
20211128220000
20211128221500
20211128223000
20211128224500
20211128230000
20211128231500
20211128233000
20211128234500
20211129000000
20211129001500
20211129003000
20211129004500
20211129010000
20211129011500
20211129013000
20211129014500
20211129020000
20211129021500
20211129023000
20211129024500
20211129030000
20211129031500
20211129033000
20211129034500
20211129040000
20211129041500
20211129043000
20211129044500
20211129050000
20211129051500
20211129053000
20211129054500
20211129060000
20211129061500
20211129063000
20211129064500
20211129070000
20211129071500
20211129073000
20211129074500
20211129080000
20211129081500
20211129083000
20211129084500
20211129090000
20211129091500
20211129093000
20211129094500
20211129100000
20211129101500
20211129103000
20211129104500
20211129110000
20211129111500
20211129113000
20211129114500
20211129120000
20211129121500
20211129123000
20211129124500
20211129130000
20211129131500
20211129133000
20211129134500
20211129140000
20211129141500
20211129143000
20211129144500
20211129150000
20211129151500
20211129153000
20211129154500
20211129160000
20211129161500
20211129163000
20211129164500
20211129170000
20211129171500
20211129173000
20211129174500
20211129180000
20211129181500
20211129183000
20211129184500
20211129190000
20211129191500
20211129193000
20211129194500
20211129200000
20211129201500
20211129203000
20211129204500
20211129210000
20211129211500
20211129213000
20211129214500
20211129220000
20211129221500
20211129223000
20211129224500
20211129230000
20211129231500
20211129233000
20211129234500
20211130000000
20211130001500
20211130003000
20211130004500
20211130010000
20211130011500
20211130013000
20211130014500
20211130020000
20211130021500
20211130023000
20211130024500
20211130030000
20211130031500
20211130033000
20211130034500
20211130040000
20211130041500
20211130043000
20211130044500
20211130050000
20211130051500
20211130053000
20211130054500
20211130060000
20211130061500
20211130063000
20211130064500
20211130070000
20211130071500
20211130073000
20211130074500
20211130080000
20211130081500
20211130083000
20211130084500
20211130090000
20211130091500
20211130093000
20211130094500
20211130100000
20211130101500
20211130103000
20211130104500
20211130110000
20211130111500
20211130113000
20211130114500
20211130120000
20211130121500
20211130123000
20211130124500
20211130130000
20211130131500
20211130133000
20211130134500
20211130140000
20211130141500
20211130143000
20211130144500
20211130150000
20211130151500
20211130153000
20211130154500
20211130160000
20211130161500
20211130163000
20211130164500
20211130170000
20211130171500
20211130173000
20211130174500
20211130180000
20211130181500
20211130183000
20211130184500
20211130190000
20211130191500
20211130193000
20211130194500
20211130200000
20211130201500
20211130203000
20211130204500
20211130210000
20211130211500
20211130213000
20211130214500
20211130220000
20211130221500
20211130223000
20211130224500
20211130230000
20211130231500
20211130233000
20211130234500
20230301000000
20230301001500
20230301003000
20230301004500
20230301010000
20230301011500
20230301013000
20230301014500
20230301020000
20230301021500
20230301023000
20230301024500
20230301030000
20230301031500
20230301033000
20230301034500
20230301040000
20230301041500
20230301043000
20230301044500
20230301050000
20230301051500
20230301053000
20230301054500
20230301060000
20230301061500
20230301063000
20230301064500
20230301070000
20230301071500
20230301073000
20230301074500
20230301080000
20230301081500
20230301083000
20230301084500
20230301090000
20230301091500
20230301093000
20230301094500
20230301100000
20230301101500
20230301103000
20230301104500
20230301110000
20230301111500
20230301113000
20230301114500
20230301120000
20230301121500
20230301123000
20230301124500
20230301130000
20230301131500
20230301133000
20230301134500
20230301140000
20230301141500
20230301143000
20230301144500
20230301150000
20230301151500
20230301153000
20230301154500
20230301160000
20230301161500
20230301163000
20230301164500
20230301170000
20230301171500
20230301173000
20230301174500
20230301180000
20230301181500
20230301183000
20230301184500
20230301190000
20230301191500
20230301193000
20230301194500
20230301200000
20230301201500
20230301203000
20230301204500
20230301210000
20230301211500
20230301213000
20230301214500
20230301220000
20230301221500
20230301223000
20230301224500
20230301230000
20230301231500
20230301233000
20230301234500
20230302000000
20230302001500
20230302003000
20230302004500
20230302010000
20230302011500
20230302013000
20230302014500
20230302020000
20230302021500
20230302023000
20230302024500
20230302030000
20230302031500
20230302033000
20230302034500
20230302040000
20230302041500
20230302043000
20230302044500
20230302050000
20230302051500
20230302053000
20230302054500
20230302060000
20230302061500
20230302063000
20230302064500
20230302070000
20230302071500
20230302073000
20230302074500
20230302080000
20230302081500
20230302083000
20230302084500
20230302090000
20230302091500
20230302093000
20230302094500
20230302100000
20230302101500
20230302103000
20230302104500
20230302110000
20230302111500
20230302113000
20230302114500
20230302120000
20230302121500
20230302123000
20230302124500
20230302130000
20230302131500
20230302133000
20230302134500
20230302140000
20230302141500
20230302143000
20230302144500
20230302150000
20230302151500
20230302153000
20230302154500
20230302160000
20230302161500
20230302163000
20230302164500
20230302170000
20230302171500
20230302173000
20230302174500
20230302180000
20230302181500
20230302183000
20230302184500
20230302190000
20230302191500
20230302193000
20230302194500
20230302200000
20230302201500
20230302203000
20230302204500
20230302210000
20230302211500
20230302213000
20230302214500
20230302220000
20230302221500
20230302223000
20230302224500
20230302230000
20230302231500
20230302233000
20230302234500
20230303000000
20230303001500
20230303003000
20230303004500
20230303010000
20230303011500
20230303013000
20230303014500
20230303020000
20230303021500
20230303023000
20230303024500
20230303030000
20230303031500
20230303033000
20230303034500
20230303040000
20230303041500
20230303043000
20230303044500
20230303050000
20230303051500
20230303053000
20230303054500
20230303060000
20230303061500
20230303063000
20230303064500
20230303070000
20230303071500
20230303073000
20230303074500
20230303080000
20230303081500
20230303083000
20230303084500
20230303090000
20230303091500
20230303093000
20230303094500
20230303100000
20230303101500
20230303103000
20230303104500
20230303110000
20230303111500
20230303113000
20230303114500
20230303120000
20230303121500
20230303123000
20230303124500
20230303130000
20230303131500
20230303133000
20230303134500
20230303140000
20230303141500
20230303143000
20230303144500
20230303150000
20230303151500
20230303153000
20230303154500
20230303160000
20230303161500
20230303163000
20230303164500
20230303170000
20230303171500
20230303173000
20230303174500
20230303180000
20230303181500
20230303183000
20230303184500
20230303190000
20230303191500
20230303193000
20230303194500
20230303200000
20230303201500
20230303203000
20230303204500
20230303210000
20230303211500
20230303213000
20230303214500
20230303220000
20230303221500
20230303223000
20230303224500
20230303230000
20230303231500
20230303233000
20230303234500
20230304000000
20230304001500
20230304003000
20230304004500
20230304010000
20230304011500
20230304013000
20230304014500
20230304020000
20230304021500
20230304023000
20230304024500
20230304030000
20230304031500
20230304033000
20230304034500
20230304040000
20230304041500
20230304043000
20230304044500
20230304050000
20230304051500
20230304053000
20230304054500
20230304060000
20230304061500
20230304063000
20230304064500
20230304070000
20230304071500
20230304073000
20230304074500
20230304080000
20230304081500
20230304083000
20230304084500
20230304090000
20230304091500
20230304093000
20230304094500
20230304100000
20230304101500
20230304103000
20230304104500
20230304110000
20230304111500
20230304113000
20230304114500
20230304120000
20230304121500
20230304123000
20230304124500
20230304130000
20230304131500
20230304133000
20230304134500
20230304140000
20230304141500
20230304143000
20230304144500
20230304150000
20230304151500
20230304153000
20230304154500
20230304160000
20230304161500
20230304163000
20230304164500
20230304170000
20230304171500
20230304173000
20230304174500
20230304180000
20230304181500
20230304183000
20230304184500
20230304190000
20230304191500
20230304193000
20230304194500
20230304200000
20230304201500
20230304203000
20230304204500
20230304210000
20230304211500
20230304213000
20230304214500
20230304220000
20230304221500
20230304223000
20230304224500
20230304230000
20230304231500
20230304233000
20230304234500
20230305000000
20230305001500
20230305003000
20230305004500
20230305010000
20230305011500
20230305013000
20230305014500
20230305020000
20230305021500
20230305023000
20230305024500
20230305030000
20230305031500
20230305033000
20230305034500
20230305040000
20230305041500
20230305043000
20230305044500
20230305050000
20230305051500
20230305053000
20230305054500
20230305060000
20230305061500
20230305063000
20230305064500
20230305070000
20230305071500
20230305073000
20230305074500
20230305080000
20230305081500
20230305083000
20230305084500
20230305090000
20230305091500
20230305093000
20230305094500
20230305100000
20230305101500
20230305103000
20230305104500
20230305110000
20230305111500
20230305113000
20230305114500
20230305120000
20230305121500
20230305123000
20230305124500
20230305130000
20230305131500
20230305133000
20230305134500
20230305140000
20230305141500
20230305143000
20230305144500
20230305150000
20230305151500
20230305153000
20230305154500
20230305160000
20230305161500
20230305163000
20230305164500
20230305170000
20230305171500
20230305173000
20230305174500
20230305180000
20230305181500
20230305183000
20230305184500
20230305190000
20230305191500
20230305193000
20230305194500
20230305200000
20230305201500
20230305203000
20230305204500
20230305210000
20230305211500
20230305213000
20230305214500
20230305220000
20230305221500
20230305223000
20230305224500
20230305230000
20230305231500
20230305233000
20230305234500
20230306000000
20230306001500
20230306003000
20230306004500
20230306010000
20230306011500
20230306013000
20230306014500
20230306020000
20230306021500
20230306023000
20230306024500
20230306030000
20230306031500
20230306033000
20230306034500
20230306040000
20230306041500
20230306043000
20230306044500
20230306050000
20230306051500
20230306053000
20230306054500
20230306060000
20230306061500
20230306063000
20230306064500
20230306070000
20230306071500
20230306073000
20230306074500
20230306080000
20230306081500
20230306083000
20230306084500
20230306090000
20230306091500
20230306093000
20230306094500
20230306100000
20230306101500
20230306103000
20230306104500
20230306110000
20230306111500
20230306113000
20230306114500
20230306120000
20230306121500
20230306123000
20230306124500
20230306130000
20230306131500
20230306133000
20230306134500
20230306140000
20230306141500
20230306143000
20230306144500
20230306150000
20230306151500
20230306153000
20230306154500
20230306160000
20230306161500
20230306163000
20230306164500
20230306170000
20230306171500
20230306173000
20230306174500
20230306180000
20230306181500
20230306183000
20230306184500
20230306190000
20230306191500
20230306193000
20230306194500
20230306200000
20230306201500
20230306203000
20230306204500
20230306210000
20230306211500
20230306213000
20230306214500
20230306220000
20230306221500
20230306223000
20230306224500
20230306230000
20230306231500
20230306233000
20230306234500
20230307000000
20230307001500
20230307003000
20230307004500
20230307010000
20230307011500
20230307013000
20230307014500
20230307020000
20230307021500
20230307023000
20230307024500
20230307030000
20230307031500
20230307033000
20230307034500
20230307040000
20230307041500
20230307043000
20230307044500
20230307050000
20230307051500
20230307053000
20230307054500
20230307060000
20230307061500
20230307063000
20230307064500
20230307070000
20230307071500
20230307073000
20230307074500
20230307080000
20230307081500
20230307083000
20230307084500
20230307090000
20230307091500
20230307093000
20230307094500
20230307100000
20230307101500
20230307103000
20230307104500
20230307110000
20230307111500
20230307113000
20230307114500
20230307120000
20230307121500
20230307123000
20230307124500
20230307130000
20230307131500
20230307133000
20230307134500
20230307140000
20230307141500
20230307143000
20230307144500
20230307150000
20230307151500
20230307153000
20230307154500
20230307160000
20230307161500
20230307163000
20230307164500
20230307170000
20230307171500
20230307173000
20230307174500
20230307180000
20230307181500
20230307183000
20230307184500
20230307190000
20230307191500
20230307193000
20230307194500
20230307200000
20230307201500
20230307203000
20230307204500
20230307210000
20230307211500
20230307213000
20230307214500
20230307220000
20230307221500
20230307223000
20230307224500
20230307230000
20230307231500
20230307233000
20230307234500
20230308000000
20230308001500
20230308003000
20230308004500
20230308010000
20230308011500
20230308013000
20230308014500
20230308020000
20230308021500
20230308023000
20230308024500
20230308030000
20230308031500
20230308033000
20230308034500
20230308040000
20230308041500
20230308043000
20230308044500
20230308050000
20230308051500
20230308053000
20230308054500
20230308060000
20230308061500
20230308063000
20230308064500
20230308070000
20230308071500
20230308073000
20230308074500
20230308080000
20230308081500
20230308083000
20230308084500
20230308090000
20230308091500
20230308093000
20230308094500
20230308100000
20230308101500
20230308103000
20230308104500
20230308110000
20230308111500
20230308113000
20230308114500
20230308120000
20230308121500
20230308123000
20230308124500
20230308130000
20230308131500
20230308133000
20230308134500
20230308140000
20230308141500
20230308143000
20230308144500
20230308150000
20230308151500
20230308153000
20230308154500
20230308160000
20230308161500
20230308163000
20230308164500
20230308170000
20230308171500
20230308173000
20230308174500
20230308180000
20230308181500
20230308183000
20230308184500
20230308190000
20230308191500
20230308193000
20230308194500
20230308200000
20230308201500
20230308203000
20230308204500
20230308210000
20230308211500
20230308213000
20230308214500
20230308220000
20230308221500
20230308223000
20230308224500
20230308230000
20230308231500
20230308233000
20230308234500
20230309000000
20230309001500
20230309003000
20230309004500
20230309010000
20230309011500
20230309013000
20230309014500
20230309020000
20230309021500
20230309023000
20230309024500
20230309030000
20230309031500
20230309033000
20230309034500
20230309040000
20230309041500
20230309043000
20230309044500
20230309050000
20230309051500
20230309053000
20230309054500
20230309060000
20230309061500
20230309063000
20230309064500
20230309070000
20230309071500
20230309073000
20230309074500
20230309080000
20230309081500
20230309083000
20230309084500
20230309090000
20230309091500
20230309093000
20230309094500
20230309100000
20230309101500
20230309103000
20230309104500
20230309110000
20230309111500
20230309113000
20230309114500
20230309120000
20230309121500
20230309123000
20230309124500
20230309130000
20230309131500
20230309133000
20230309134500
20230309140000
20230309141500
20230309143000
20230309144500
20230309150000
20230309151500
20230309153000
20230309154500
20230309160000
20230309161500
20230309163000
20230309164500
20230309170000
20230309171500
20230309173000
20230309174500
20230309180000
20230309181500
20230309183000
20230309184500
20230309190000
20230309191500
20230309193000
20230309194500
20230309200000
20230309201500
20230309203000
20230309204500
20230309210000
20230309211500
20230309213000
20230309214500
20230309220000
20230309221500
20230309223000
20230309224500
20230309230000
20230309231500
20230309233000
20230309234500
20230310000000
20230310001500
20230310003000
20230310004500
20230310010000
20230310011500
20230310013000
20230310014500
20230310020000
20230310021500
20230310023000
20230310024500
20230310030000
20230310031500
20230310033000
20230310034500
20230310040000
20230310041500
20230310043000
20230310044500
20230310050000
20230310051500
20230310053000
20230310054500
20230310060000
20230310061500
20230310063000
20230310064500
20230310070000
20230310071500
20230310073000
20230310074500
20230310080000
20230310081500
20230310083000
20230310084500
20230310090000
20230310091500
20230310093000
20230310094500
20230310100000
20230310101500
20230310103000
20230310104500
20230310110000
20230310111500
20230310113000
20230310114500
20230310120000
20230310121500
20230310123000
20230310124500
20230310130000
20230310131500
20230310133000
20230310134500
20230310140000
20230310141500
20230310143000
20230310144500
20230310150000
20230310151500
20230310153000
20230310154500
20230310160000
20230310161500
20230310163000
20230310164500
20230310170000
20230310171500
20230310173000
20230310174500
20230310180000
20230310181500
20230310183000
20230310184500
20230310190000
20230310191500
20230310193000
20230310194500
20230310200000
20230310201500
20230310203000
20230310204500
20230310210000
20230310211500
20230310213000
20230310214500
20230310220000
20230310221500
20230310223000
20230310224500
20230310230000
20230310231500
20230310233000
20230310234500
20230311000000
20230311001500
20230311003000
20230311004500
20230311010000
20230311011500
20230311013000
20230311014500
20230311020000
20230311021500
20230311023000
20230311024500
20230311030000
20230311031500
20230311033000
20230311034500
20230311040000
20230311041500
20230311043000
20230311044500
20230311050000
20230311051500
20230311053000
20230311054500
20230311060000
20230311061500
20230311063000
20230311064500
20230311070000
20230311071500
20230311073000
20230311074500
20230311080000
20230311081500
20230311083000
20230311084500
20230311090000
20230311091500
20230311093000
20230311094500
20230311100000
20230311101500
20230311103000
20230311104500
20230311110000
20230311111500
20230311113000
20230311114500
20230311120000
20230311121500
20230311123000
20230311124500
20230311130000
20230311131500
20230311133000
20230311134500
20230311140000
20230311141500
20230311143000
20230311144500
20230311150000
20230311151500
20230311153000
20230311154500
20230311160000
20230311161500
20230311163000
20230311164500
20230311170000
20230311171500
20230311173000
20230311174500
20230311180000
20230311181500
20230311183000
20230311184500
20230311190000
20230311191500
20230311193000
20230311194500
20230311200000
20230311201500
20230311203000
20230311204500
20230311210000
20230311211500
20230311213000
20230311214500
20230311220000
20230311221500
20230311223000
20230311224500
20230311230000
20230311231500
20230311233000
20230311234500
20230312000000
20230312001500
20230312003000
20230312004500
20230312010000
20230312011500
20230312013000
20230312014500
20230312020000
20230312021500
20230312023000
20230312024500
20230312030000
20230312031500
20230312033000
20230312034500
20230312040000
20230312041500
20230312043000
20230312044500
20230312050000
20230312051500
20230312053000
20230312054500
20230312060000
20230312061500
20230312063000
20230312064500
20230312070000
20230312071500
20230312073000
20230312074500
20230312080000
20230312081500
20230312083000
20230312084500
20230312090000
20230312091500
20230312093000
20230312094500
20230312100000
20230312101500
20230312103000
20230312104500
20230312110000
20230312111500
20230312113000
20230312114500
20230312120000
20230312121500
20230312123000
20230312124500
20230312130000
20230312131500
20230312133000
20230312134500
20230312140000
20230312141500
20230312143000
20230312144500
20230312150000
20230312151500
20230312153000
20230312154500
20230312160000
20230312161500
20230312163000
20230312164500
20230312170000
20230312171500
20230312173000
20230312174500
20230312180000
20230312181500
20230312183000
20230312184500
20230312190000
20230312191500
20230312193000
20230312194500
20230312200000
20230312201500
20230312203000
20230312204500
20230312210000
20230312211500
20230312213000
20230312214500
20230312220000
20230312221500
20230312223000
20230312224500
20230312230000
20230312231500
20230312233000
20230312234500
20230313000000
20230313001500
20230313003000
20230313004500
20230313010000
20230313011500
20230313013000
20230313014500
20230313020000
20230313021500
20230313023000
20230313024500
20230313030000
20230313031500
20230313033000
20230313034500
20230313040000
20230313041500
20230313043000
20230313044500
20230313050000
20230313051500
20230313053000
20230313054500
20230313060000
20230313061500
20230313063000
20230313064500
20230313070000
20230313071500
20230313073000
20230313074500
20230313080000
20230313081500
20230313083000
20230313084500
20230313090000
20230313091500
20230313093000
20230313094500
20230313100000
20230313101500
20230313103000
20230313104500
20230313110000
20230313111500
20230313113000
20230313114500
20230313120000
20230313121500
20230313123000
20230313124500
20230313130000
20230313131500
20230313133000
20230313134500
20230313140000
20230313141500
20230313143000
20230313144500
20230313150000
20230313151500
20230313153000
20230313154500
20230313160000
20230313161500
20230313163000
20230313164500
20230313170000
20230313171500
20230313173000
20230313174500
20230313180000
20230313181500
20230313183000
20230313184500
20230313190000
20230313191500
20230313193000
20230313194500
20230313200000
20230313201500
20230313203000
20230313204500
20230313210000
20230313211500
20230313213000
20230313214500
20230313220000
20230313221500
20230313223000
20230313224500
20230313230000
20230313231500
20230313233000
20230313234500
20230314000000
20230314001500
20230314003000
20230314004500
20230314010000
20230314011500
20230314013000
20230314014500
20230314020000
20230314021500
20230314023000
20230314024500
20230314030000
20230314031500
20230314033000
20230314034500
20230314040000
20230314041500
20230314043000
20230314044500
20230314050000
20230314051500
20230314053000
20230314054500
20230314060000
20230314061500
20230314063000
20230314064500
20230314070000
20230314071500
20230314073000
20230314074500
20230314080000
20230314081500
20230314083000
20230314084500
20230314090000
20230314091500
20230314093000
20230314094500
20230314100000
20230314101500
20230314103000
20230314104500
20230314110000
20230314111500
20230314113000
20230314114500
20230314120000
20230314121500
20230314123000
20230314124500
20230314130000
20230314131500
20230314133000
20230314134500
20230314140000
20230314141500
20230314143000
20230314144500
20230314150000
20230314151500
20230314153000
20230314154500
20230314160000
20230314161500
20230314163000
20230314164500
20230314170000
20230314171500
20230314173000
20230314174500
20230314180000
20230314181500
20230314183000
20230314184500
20230314190000
20230314191500
20230314193000
20230314194500
20230314200000
20230314201500
20230314203000
20230314204500
20230314210000
20230314211500
20230314213000
20230314214500
20230314220000
20230314221500
20230314223000
20230314224500
20230314230000
20230314231500
20230314233000
20230314234500
20230315000000
20230315001500
20230315003000
20230315004500
20230315010000
20230315011500
20230315013000
20230315014500
20230315020000
20230315021500
20230315023000
20230315024500
20230315030000
20230315031500
20230315033000
20230315034500
20230315040000
20230315041500
20230315043000
20230315044500
20230315050000
20230315051500
20230315053000
20230315054500
20230315060000
20230315061500
20230315063000
20230315064500
20230315070000
20230315071500
20230315073000
20230315074500
20230315080000
20230315081500
20230315083000
20230315084500
20230315090000
20230315091500
20230315093000
20230315094500
20230315100000
20230315101500
20230315103000
20230315104500
20230315110000
20230315111500
20230315113000
20230315114500
20230315120000
20230315121500
20230315123000
20230315124500
20230315130000
20230315131500
20230315133000
20230315134500
20230315140000
20230315141500
20230315143000
20230315144500
20230315150000
20230315151500
20230315153000
20230315154500
20230315160000
20230315161500
20230315163000
20230315164500
20230315170000
20230315171500
20230315173000
20230315174500
20230315180000
20230315181500
20230315183000
20230315184500
20230315190000
20230315191500
20230315193000
20230315194500
20230315200000
20230315201500
20230315203000
20230315204500
20230315210000
20230315211500
20230315213000
20230315214500
20230315220000
20230315221500
20230315223000
20230315224500
20230315230000
20230315231500
20230315233000
20230315234500
20230316000000
20230316001500
20230316003000
20230316004500
20230316010000
20230316011500
20230316013000
20230316014500
20230316020000
20230316021500
20230316023000
20230316024500
20230316030000
20230316031500
20230316033000
20230316034500
20230316040000
20230316041500
20230316043000
20230316044500
20230316050000
20230316051500
20230316053000
20230316054500
20230316060000
20230316061500
20230316063000
20230316064500
20230316070000
20230316071500
20230316073000
20230316074500
20230316080000
20230316081500
20230316083000
20230316084500
20230316090000
20230316091500
20230316093000
20230316094500
20230316100000
20230316101500
20230316103000
20230316104500
20230316110000
20230316111500
20230316113000
20230316114500
20230316120000
20230316121500
20230316123000
20230316124500
20230316130000
20230316131500
20230316133000
20230316134500
20230316140000
20230316141500
20230316143000
20230316144500
20230316150000
20230316151500
20230316153000
20230316154500
20230316160000
20230316161500
20230316163000
20230316164500
20230316170000
20230316171500
20230316173000
20230316174500
20230316180000
20230316181500
20230316183000
20230316184500
20230316190000
20230316191500
20230316193000
20230316194500
20230316200000
20230316201500
20230316203000
20230316204500
20230316210000
20230316211500
20230316213000
20230316214500
20230316220000
20230316221500
20230316223000
20230316224500
20230316230000
20230316231500
20230316233000
20230316234500
20230317000000
20230317001500
20230317003000
20230317004500
20230317010000
20230317011500
20230317013000
20230317014500
20230317020000
20230317021500
20230317023000
20230317024500
20230317030000
20230317031500
20230317033000
20230317034500
20230317040000
20230317041500
20230317043000
20230317044500
20230317050000
20230317051500
20230317053000
20230317054500
20230317060000
20230317061500
20230317063000
20230317064500
20230317070000
20230317071500
20230317073000
20230317074500
20230317080000
20230317081500
20230317083000
20230317084500
20230317090000
20230317091500
20230317093000
20230317094500
20230317100000
20230317101500
20230317103000
20230317104500
20230317110000
20230317111500
20230317113000
20230317114500
20230317120000
20230317121500
20230317123000
20230317124500
20230317130000
20230317131500
20230317133000
20230317134500
20230317140000
20230317141500
20230317143000
20230317144500
20230317150000
20230317151500
20230317153000
20230317154500
20230317160000
20230317161500
20230317163000
20230317164500
20230317170000
20230317171500
20230317173000
20230317174500
20230317180000
20230317181500
20230317183000
20230317184500
20230317190000
20230317191500
20230317193000
20230317194500
20230317200000
20230317201500
20230317203000
20230317204500
20230317210000
20230317211500
20230317213000
20230317214500
20230317220000
20230317221500
20230317223000
20230317224500
20230317230000
20230317231500
20230317233000
20230317234500
20230318000000
20230318001500
20230318003000
20230318004500
20230318010000
20230318011500
20230318013000
20230318014500
20230318020000
20230318021500
20230318023000
20230318024500
20230318030000
20230318031500
20230318033000
20230318034500
20230318040000
20230318041500
20230318043000
20230318044500
20230318050000
20230318051500
20230318053000
20230318054500
20230318060000
20230318061500
20230318063000
20230318064500
20230318070000
20230318071500
20230318073000
20230318074500
20230318080000
20230318081500
20230318083000
20230318084500
20230318090000
20230318091500
20230318093000
20230318094500
20230318100000
20230318101500
20230318103000
20230318104500
20230318110000
20230318111500
20230318113000
20230318114500
20230318120000
20230318121500
20230318123000
20230318124500
20230318130000
20230318131500
20230318133000
20230318134500
20230318140000
20230318141500
20230318143000
20230318144500
20230318150000
20230318151500
20230318153000
20230318154500
20230318160000
20230318161500
20230318163000
20230318164500
20230318170000
20230318171500
20230318173000
20230318174500
20230318180000
20230318181500
20230318183000
20230318184500
20230318190000
20230318191500
20230318193000
20230318194500
20230318200000
20230318201500
20230318203000
20230318204500
20230318210000
20230318211500
20230318213000
20230318214500
20230318220000
20230318221500
20230318223000
20230318224500
20230318230000
20230318231500
20230318233000
20230318234500
20230319000000
20230319001500
20230319003000
20230319004500
20230319010000
20230319011500
20230319013000
20230319014500
20230319020000
20230319021500
20230319023000
20230319024500
20230319030000
20230319031500
20230319033000
20230319034500
20230319040000
20230319041500
20230319043000
20230319044500
20230319050000
20230319051500
20230319053000
20230319054500
20230319060000
20230319061500
20230319063000
20230319064500
20230319070000
20230319071500
20230319073000
20230319074500
20230319080000
20230319081500
20230319083000
20230319084500
20230319090000
20230319091500
20230319093000
20230319094500
20230319100000
20230319101500
20230319103000
20230319104500
20230319110000
20230319111500
20230319113000
20230319114500
20230319120000
20230319121500
20230319123000
20230319124500
20230319130000
20230319131500
20230319133000
20230319134500
20230319140000
20230319141500
20230319143000
20230319144500
20230319150000
20230319151500
20230319153000
20230319154500
20230319160000
20230319161500
20230319163000
20230319164500
20230319170000
20230319171500
20230319173000
20230319174500
20230319180000
20230319181500
20230319183000
20230319184500
20230319190000
20230319191500
20230319193000
20230319194500
20230319200000
20230319201500
20230319203000
20230319204500
20230319210000
20230319211500
20230319213000
20230319214500
20230319220000
20230319221500
20230319223000
20230319224500
20230319230000
20230319231500
20230319233000
20230319234500
20230320000000
20230320001500
20230320003000
20230320004500
20230320010000
20230320011500
20230320013000
20230320014500
20230320020000
20230320021500
20230320023000
20230320024500
20230320030000
20230320031500
20230320033000
20230320034500
20230320040000
20230320041500
20230320043000
20230320044500
20230320050000
20230320051500
20230320053000
20230320054500
20230320060000
20230320061500
20230320063000
20230320064500
20230320070000
20230320071500
20230320073000
20230320074500
20230320080000
20230320081500
20230320083000
20230320084500
20230320090000
20230320091500
20230320093000
20230320094500
20230320100000
20230320101500
20230320103000
20230320104500
20230320110000
20230320111500
20230320113000
20230320114500
20230320120000
20230320121500
20230320123000
20230320124500
20230320130000
20230320131500
20230320133000
20230320134500
20230320140000
20230320141500
20230320143000
20230320144500
20230320150000
20230320151500
20230320153000
20230320154500
20230320160000
20230320161500
20230320163000
20230320164500
20230320170000
20230320171500
20230320173000
20230320174500
20230320180000
20230320181500
20230320183000
20230320184500
20230320190000
20230320191500
20230320193000
20230320194500
20230320200000
20230320201500
20230320203000
20230320204500
20230320210000
20230320211500
20230320213000
20230320214500
20230320220000
20230320221500
20230320223000
20230320224500
20230320230000
20230320231500
20230320233000
20230320234500
20240701000000
20240701001500
20240701003000
20240701004500
20240701010000
20240701011500
20240701013000
20240701014500
20240701020000
20240701021500
20240701023000
20240701024500
20240701030000
20240701031500
20240701033000
20240701034500
20240701040000
20240701041500
20240701043000
20240701044500
20240701050000
20240701051500
20240701053000
20240701054500
20240701060000
20240701061500
20240701063000
20240701064500
20240701070000
20240701071500
20240701073000
20240701074500
20240701080000
20240701081500
20240701083000
20240701084500
20240701090000
20240701091500
20240701093000
20240701094500
20240701100000
20240701101500
20240701103000
20240701104500
20240701110000
20240701111500
20240701113000
20240701114500
20240701120000
20240701121500
20240701123000
20240701124500
20240701130000
20240701131500
20240701133000
20240701134500
20240701140000
20240701141500
20240701143000
20240701144500
20240701150000
20240701151500
20240701153000
20240701154500
20240701160000
20240701161500
20240701163000
20240701164500
20240701170000
20240701171500
20240701173000
20240701174500
20240701180000
20240701181500
20240701183000
20240701184500
20240701190000
20240701191500
20240701193000
20240701194500
20240701200000
20240701201500
20240701203000
20240701204500
20240701210000
20240701211500
20240701213000
20240701214500
20240701220000
20240701221500
20240701223000
20240701224500
20240701230000
20240701231500
20240701233000
20240701234500
20240702000000
20240702001500
20240702003000
20240702004500
20240702010000
20240702011500
20240702013000
20240702014500
20240702020000
20240702021500
20240702023000
20240702024500
20240702030000
20240702031500
20240702033000
20240702034500
20240702040000
20240702041500
20240702043000
20240702044500
20240702050000
20240702051500
20240702053000
20240702054500
20240702060000
20240702061500
20240702063000
20240702064500
20240702070000
20240702071500
20240702073000
20240702074500
20240702080000
20240702081500
20240702083000
20240702084500
20240702090000
20240702091500
20240702093000
20240702094500
20240702100000
20240702101500
20240702103000
20240702104500
20240702110000
20240702111500
20240702113000
20240702114500
20240702120000
20240702121500
20240702123000
20240702124500
20240702130000
20240702131500
20240702133000
20240702134500
20240702140000
20240702141500
20240702143000
20240702144500
20240702150000
20240702151500
20240702153000
20240702154500
20240702160000
20240702161500
20240702163000
20240702164500
20240702170000
20240702171500
20240702173000
20240702174500
20240702180000
20240702181500
20240702183000
20240702184500
20240702190000
20240702191500
20240702193000
20240702194500
20240702200000
20240702201500
20240702203000
20240702204500
20240702210000
20240702211500
20240702213000
20240702214500
20240702220000
20240702221500
20240702223000
20240702224500
20240702230000
20240702231500
20240702233000
20240702234500
20240703000000
20240703001500
20240703003000
20240703004500
20240703010000
20240703011500
20240703013000
20240703014500
20240703020000
20240703021500
20240703023000
20240703024500
20240703030000
20240703031500
20240703033000
20240703034500
20240703040000
20240703041500
20240703043000
20240703044500
20240703050000
20240703051500
20240703053000
20240703054500
20240703060000
20240703061500
20240703063000
20240703064500
20240703070000
20240703071500
20240703073000
20240703074500
20240703080000
20240703081500
20240703083000
20240703084500
20240703090000
20240703091500
20240703093000
20240703094500
20240703100000
20240703101500
20240703103000
20240703104500
20240703110000
20240703111500
20240703113000
20240703114500
20240703120000
20240703121500
20240703123000
20240703124500
20240703130000
20240703131500
20240703133000
20240703134500
20240703140000
20240703141500
20240703143000
20240703144500
20240703150000
20240703151500
20240703153000
20240703154500
20240703160000
20240703161500
20240703163000
20240703164500
20240703170000
20240703171500
20240703173000
20240703174500
20240703180000
20240703181500
20240703183000
20240703184500
20240703190000
20240703191500
20240703193000
20240703194500
20240703200000
20240703201500
20240703203000
20240703204500
20240703210000
20240703211500
20240703213000
20240703214500
20240703220000
20240703221500
20240703223000
20240703224500
20240703230000
20240703231500
20240703233000
20240703234500
20240704000000
20240704001500
20240704003000
20240704004500
20240704010000
20240704011500
20240704013000
20240704014500
20240704020000
20240704021500
20240704023000
20240704024500
20240704030000
20240704031500
20240704033000
20240704034500
20240704040000
20240704041500
20240704043000
20240704044500
20240704050000
20240704051500
20240704053000
20240704054500
20240704060000
20240704061500
20240704063000
20240704064500
20240704070000
20240704071500
20240704073000
20240704074500
20240704080000
20240704081500
20240704083000
20240704084500
20240704090000
20240704091500
20240704093000
20240704094500
20240704100000
20240704101500
20240704103000
20240704104500
20240704110000
20240704111500
20240704113000
20240704114500
20240704120000
20240704121500
20240704123000
20240704124500
20240704130000
20240704131500
20240704133000
20240704134500
20240704140000
20240704141500
20240704143000
20240704144500
20240704150000
20240704151500
20240704153000
20240704154500
20240704160000
20240704161500
20240704163000
20240704164500
20240704170000
20240704171500
20240704173000
20240704174500
20240704180000
20240704181500
20240704183000
20240704184500
20240704190000
20240704191500
20240704193000
20240704194500
20240704200000
20240704201500
20240704203000
20240704204500
20240704210000
20240704211500
20240704213000
20240704214500
20240704220000
20240704221500
20240704223000
20240704224500
20240704230000
20240704231500
20240704233000
20240704234500
20240705000000
20240705001500
20240705003000
20240705004500
20240705010000
20240705011500
20240705013000
20240705014500
20240705020000
20240705021500
20240705023000
20240705024500
20240705030000
20240705031500
20240705033000
20240705034500
20240705040000
20240705041500
20240705043000
20240705044500
20240705050000
20240705051500
20240705053000
20240705054500
20240705060000
20240705061500
20240705063000
20240705064500
20240705070000
20240705071500
20240705073000
20240705074500
20240705080000
20240705081500
20240705083000
20240705084500
20240705090000
20240705091500
20240705093000
20240705094500
20240705100000
20240705101500
20240705103000
20240705104500
20240705110000
20240705111500
20240705113000
20240705114500
20240705120000
20240705121500
20240705123000
20240705124500
20240705130000
20240705131500
20240705133000
20240705134500
20240705140000
20240705141500
20240705143000
20240705144500
20240705150000
20240705151500
20240705153000
20240705154500
20240705160000
20240705161500
20240705163000
20240705164500
20240705170000
20240705171500
20240705173000
20240705174500
20240705180000
20240705181500
20240705183000
20240705184500
20240705190000
20240705191500
20240705193000
20240705194500
20240705200000
20240705201500
20240705203000
20240705204500
20240705210000
20240705211500
20240705213000
20240705214500
20240705220000
20240705221500
20240705223000
20240705224500
20240705230000
20240705231500
20240705233000
20240705234500
20240706000000
20240706001500
20240706003000
20240706004500
20240706010000
20240706011500
20240706013000
20240706014500
20240706020000
20240706021500
20240706023000
20240706024500
20240706030000
20240706031500
20240706033000
20240706034500
20240706040000
20240706041500
20240706043000
20240706044500
20240706050000
20240706051500
20240706053000
20240706054500
20240706060000
20240706061500
20240706063000
20240706064500
20240706070000
20240706071500
20240706073000
20240706074500
20240706080000
20240706081500
20240706083000
20240706084500
20240706090000
20240706091500
20240706093000
20240706094500
20240706100000
20240706101500
20240706103000
20240706104500
20240706110000
20240706111500
20240706113000
20240706114500
20240706120000
20240706121500
20240706123000
20240706124500
20240706130000
20240706131500
20240706133000
20240706134500
20240706140000
20240706141500
20240706143000
20240706144500
20240706150000
20240706151500
20240706153000
20240706154500
20240706160000
20240706161500
20240706163000
20240706164500
20240706170000
20240706171500
20240706173000
20240706174500
20240706180000
20240706181500
20240706183000
20240706184500
20240706190000
20240706191500
20240706193000
20240706194500
20240706200000
20240706201500
20240706203000
20240706204500
20240706210000
20240706211500
20240706213000
20240706214500
20240706220000
20240706221500
20240706223000
20240706224500
20240706230000
20240706231500
20240706233000
20240706234500
20240707000000
20240707001500
20240707003000
20240707004500
20240707010000
20240707011500
20240707013000
20240707014500
20240707020000
20240707021500
20240707023000
20240707024500
20240707030000
20240707031500
20240707033000
20240707034500
20240707040000
20240707041500
20240707043000
20240707044500
20240707050000
20240707051500
20240707053000
20240707054500
20240707060000
20240707061500
20240707063000
20240707064500
20240707070000
20240707071500
20240707073000
20240707074500
20240707080000
20240707081500
20240707083000
20240707084500
20240707090000
20240707091500
20240707093000
20240707094500
20240707100000
20240707101500
20240707103000
20240707104500
20240707110000
20240707111500
20240707113000
20240707114500
20240707120000
20240707121500
20240707123000
20240707124500
20240707130000
20240707131500
20240707133000
20240707134500
20240707140000
20240707141500
20240707143000
20240707144500
20240707150000
20240707151500
20240707153000
20240707154500
20240707160000
20240707161500
20240707163000
20240707164500
20240707170000
20240707171500
20240707173000
20240707174500
20240707180000
20240707181500
20240707183000
20240707184500
20240707190000
20240707191500
20240707193000
20240707194500
20240707200000
20240707201500
20240707203000
20240707204500
20240707210000
20240707211500
20240707213000
20240707214500
20240707220000
20240707221500
20240707223000
20240707224500
20240707230000
20240707231500
20240707233000
20240707234500
20240708000000
20240708001500
20240708003000
20240708004500
20240708010000
20240708011500
20240708013000
20240708014500
20240708020000
20240708021500
20240708023000
20240708024500
20240708030000
20240708031500
20240708033000
20240708034500
20240708040000
20240708041500
20240708043000
20240708044500
20240708050000
20240708051500
20240708053000
20240708054500
20240708060000
20240708061500
20240708063000
20240708064500
20240708070000
20240708071500
20240708073000
20240708074500
20240708080000
20240708081500
20240708083000
20240708084500
20240708090000
20240708091500
20240708093000
20240708094500
20240708100000
20240708101500
20240708103000
20240708104500
20240708110000
20240708111500
20240708113000
20240708114500
20240708120000
20240708121500
20240708123000
20240708124500
20240708130000
20240708131500
20240708133000
20240708134500
20240708140000
20240708141500
20240708143000
20240708144500
20240708150000
20240708151500
20240708153000
20240708154500
20240708160000
20240708161500
20240708163000
20240708164500
20240708170000
20240708171500
20240708173000
20240708174500
20240708180000
20240708181500
20240708183000
20240708184500
20240708190000
20240708191500
20240708193000
20240708194500
20240708200000
20240708201500
20240708203000
20240708204500
20240708210000
20240708211500
20240708213000
20240708214500
20240708220000
20240708221500
20240708223000
20240708224500
20240708230000
20240708231500
20240708233000
20240708234500
20240709000000
20240709001500
20240709003000
20240709004500
20240709010000
20240709011500
20240709013000
20240709014500
20240709020000
20240709021500
20240709023000
20240709024500
20240709030000
20240709031500
20240709033000
20240709034500
20240709040000
20240709041500
20240709043000
20240709044500
20240709050000
20240709051500
20240709053000
20240709054500
20240709060000
20240709061500
20240709063000
20240709064500
20240709070000
20240709071500
20240709073000
20240709074500
20240709080000
20240709081500
20240709083000
20240709084500
20240709090000
20240709091500
20240709093000
20240709094500
20240709100000
20240709101500
20240709103000
20240709104500
20240709110000
20240709111500
20240709113000
20240709114500
20240709120000
20240709121500
20240709123000
20240709124500
20240709130000
20240709131500
20240709133000
20240709134500
20240709140000
20240709141500
20240709143000
20240709144500
20240709150000
20240709151500
20240709153000
20240709154500
20240709160000
20240709161500
20240709163000
20240709164500
20240709170000
20240709171500
20240709173000
20240709174500
20240709180000
20240709181500
20240709183000
20240709184500
20240709190000
20240709191500
20240709193000
20240709194500
20240709200000
20240709201500
20240709203000
20240709204500
20240709210000
20240709211500
20240709213000
20240709214500
20240709220000
20240709221500
20240709223000
20240709224500
20240709230000
20240709231500
20240709233000
20240709234500
20240710000000
20240710001500
20240710003000
20240710004500
20240710010000
20240710011500
20240710013000
20240710014500
20240710020000
20240710021500
20240710023000
20240710024500
20240710030000
20240710031500
20240710033000
20240710034500
20240710040000
20240710041500
20240710043000
20240710044500
20240710050000
20240710051500
20240710053000
20240710054500
20240710060000
20240710061500
20240710063000
20240710064500
20240710070000
20240710071500
20240710073000
20240710074500
20240710080000
20240710081500
20240710083000
20240710084500
20240710090000
20240710091500
20240710093000
20240710094500
20240710100000
20240710101500
20240710103000
20240710104500
20240710110000
20240710111500
20240710113000
20240710114500
20240710120000
20240710121500
20240710123000
20240710124500
20240710130000
20240710131500
20240710133000
20240710134500
20240710140000
20240710141500
20240710143000
20240710144500
20240710150000
20240710151500
20240710153000
20240710154500
20240710160000
20240710161500
20240710163000
20240710164500
20240710170000
20240710171500
20240710173000
20240710174500
20240710180000
20240710181500
20240710183000
20240710184500
20240710190000
20240710191500
20240710193000
20240710194500
20240710200000
20240710201500
20240710203000
20240710204500
20240710210000
20240710211500
20240710213000
20240710214500
20240710220000
20240710221500
20240710223000
20240710224500
20240710230000
20240710231500
20240710233000
20240710234500
20240711000000
20240711001500
20240711003000
20240711004500
20240711010000
20240711011500
20240711013000
20240711014500
20240711020000
20240711021500
20240711023000
20240711024500
20240711030000
20240711031500
20240711033000
20240711034500
20240711040000
20240711041500
20240711043000
20240711044500
20240711050000
20240711051500
20240711053000
20240711054500
20240711060000
20240711061500
20240711063000
20240711064500
20240711070000
20240711071500
20240711073000
20240711074500
20240711080000
20240711081500
20240711083000
20240711084500
20240711090000
20240711091500
20240711093000
20240711094500
20240711100000
20240711101500
20240711103000
20240711104500
20240711110000
20240711111500
20240711113000
20240711114500
20240711120000
20240711121500
20240711123000
20240711124500
20240711130000
20240711131500
20240711133000
20240711134500
20240711140000
20240711141500
20240711143000
20240711144500
20240711150000
20240711151500
20240711153000
20240711154500
20240711160000
20240711161500
20240711163000
20240711164500
20240711170000
20240711171500
20240711173000
20240711174500
20240711180000
20240711181500
20240711183000
20240711184500
20240711190000
20240711191500
20240711193000
20240711194500
20240711200000
20240711201500
20240711203000
20240711204500
20240711210000
20240711211500
20240711213000
20240711214500
20240711220000
20240711221500
20240711223000
20240711224500
20240711230000
20240711231500
20240711233000
20240711234500
20240712000000
20240712001500
20240712003000
20240712004500
20240712010000
20240712011500
20240712013000
20240712014500
20240712020000
20240712021500
20240712023000
20240712024500
20240712030000
20240712031500
20240712033000
20240712034500
20240712040000
20240712041500
20240712043000
20240712044500
20240712050000
20240712051500
20240712053000
20240712054500
20240712060000
20240712061500
20240712063000
20240712064500
20240712070000
20240712071500
20240712073000
20240712074500
20240712080000
20240712081500
20240712083000
20240712084500
20240712090000
20240712091500
20240712093000
20240712094500
20240712100000
20240712101500
20240712103000
20240712104500
20240712110000
20240712111500
20240712113000
20240712114500
20240712120000
20240712121500
20240712123000
20240712124500
20240712130000
20240712131500
20240712133000
20240712134500
20240712140000
20240712141500
20240712143000
20240712144500
20240712150000
20240712151500
20240712153000
20240712154500
20240712160000
20240712161500
20240712163000
20240712164500
20240712170000
20240712171500
20240712173000
20240712174500
20240712180000
20240712181500
20240712183000
20240712184500
20240712190000
20240712191500
20240712193000
20240712194500
20240712200000
20240712201500
20240712203000
20240712204500
20240712210000
20240712211500
20240712213000
20240712214500
20240712220000
20240712221500
20240712223000
20240712224500
20240712230000
20240712231500
20240712233000
20240712234500
20240713000000
20240713001500
20240713003000
20240713004500
20240713010000
20240713011500
20240713013000
20240713014500
20240713020000
20240713021500
20240713023000
20240713024500
20240713030000
20240713031500
20240713033000
20240713034500
20240713040000
20240713041500
20240713043000
20240713044500
20240713050000
20240713051500
20240713053000
20240713054500
20240713060000
20240713061500
20240713063000
20240713064500
20240713070000
20240713071500
20240713073000
20240713074500
20240713080000
20240713081500
20240713083000
20240713084500
20240713090000
20240713091500
20240713093000
20240713094500
20240713100000
20240713101500
20240713103000
20240713104500
20240713110000
20240713111500
20240713113000
20240713114500
20240713120000
20240713121500
20240713123000
20240713124500
20240713130000
20240713131500
20240713133000
20240713134500
20240713140000
20240713141500
20240713143000
20240713144500
20240713150000
20240713151500
20240713153000
20240713154500
20240713160000
20240713161500
20240713163000
20240713164500
20240713170000
20240713171500
20240713173000
20240713174500
20240713180000
20240713181500
20240713183000
20240713184500
20240713190000
20240713191500
20240713193000
20240713194500
20240713200000
20240713201500
20240713203000
20240713204500
20240713210000
20240713211500
20240713213000
20240713214500
20240713220000
20240713221500
20240713223000
20240713224500
20240713230000
20240713231500
20240713233000
20240713234500
20240714000000
20240714001500
20240714003000
20240714004500
20240714010000
20240714011500
20240714013000
20240714014500
20240714020000
20240714021500
20240714023000
20240714024500
20240714030000
20240714031500
20240714033000
20240714034500
20240714040000
20240714041500
20240714043000
20240714044500
20240714050000
20240714051500
20240714053000
20240714054500
20240714060000
20240714061500
20240714063000
20240714064500
20240714070000
20240714071500
20240714073000
20240714074500
20240714080000
20240714081500
20240714083000
20240714084500
20240714090000
20240714091500
20240714093000
20240714094500
20240714100000
20240714101500
20240714103000
20240714104500
20240714110000
20240714111500
20240714113000
20240714114500
20240714120000
20240714121500
20240714123000
20240714124500
20240714130000
20240714131500
20240714133000
20240714134500
20240714140000
20240714141500
20240714143000
20240714144500
20240714150000
20240714151500
20240714153000
20240714154500
20240714160000
20240714161500
20240714163000
20240714164500
20240714170000
20240714171500
20240714173000
20240714174500
20240714180000
20240714181500
20240714183000
20240714184500
20240714190000
20240714191500
20240714193000
20240714194500
20240714200000
20240714201500
20240714203000
20240714204500
20240714210000
20240714211500
20240714213000
20240714214500
20240714220000
20240714221500
20240714223000
20240714224500
20240714230000
20240714231500
20240714233000
20240714234500
20240715000000
20240715001500
20240715003000
20240715004500
20240715010000
20240715011500
20240715013000
20240715014500
20240715020000
20240715021500
20240715023000
20240715024500
20240715030000
20240715031500
20240715033000
20240715034500
20240715040000
20240715041500
20240715043000
20240715044500
20240715050000
20240715051500
20240715053000
20240715054500
20240715060000
20240715061500
20240715063000
20240715064500
20240715070000
20240715071500
20240715073000
20240715074500
20240715080000
20240715081500
20240715083000
20240715084500
20240715090000
20240715091500
20240715093000
20240715094500
20240715100000
20240715101500
20240715103000
20240715104500
20240715110000
20240715111500
20240715113000
20240715114500
20240715120000
20240715121500
20240715123000
20240715124500
20240715130000
20240715131500
20240715133000
20240715134500
20240715140000
20240715141500
20240715143000
20240715144500
20240715150000
20240715151500
20240715153000
20240715154500
20240715160000
20240715161500
20240715163000
20240715164500
20240715170000
20240715171500
20240715173000
20240715174500
20240715180000
20240715181500
20240715183000
20240715184500
20240715190000
20240715191500
20240715193000
20240715194500
20240715200000
20240715201500
20240715203000
20240715204500
20240715210000
20240715211500
20240715213000
20240715214500
20240715220000
20240715221500
20240715223000
20240715224500
20240715230000
20240715231500
20240715233000
20240715234500
20240716000000
20240716001500
20240716003000
20240716004500
20240716010000
20240716011500
20240716013000
20240716014500
20240716020000
20240716021500
20240716023000
20240716024500
20240716030000
20240716031500
20240716033000
20240716034500
20240716040000
20240716041500
20240716043000
20240716044500
20240716050000
20240716051500
20240716053000
20240716054500
20240716060000
20240716061500
20240716063000
20240716064500
20240716070000
20240716071500
20240716073000
20240716074500
20240716080000
20240716081500
20240716083000
20240716084500
20240716090000
20240716091500
20240716093000
20240716094500
20240716100000
20240716101500
20240716103000
20240716104500
20240716110000
20240716111500
20240716113000
20240716114500
20240716120000
20240716121500
20240716123000
20240716124500
20240716130000
20240716131500
20240716133000
20240716134500
20240716140000
20240716141500
20240716143000
20240716144500
20240716150000
20240716151500
20240716153000
20240716154500
20240716160000
20240716161500
20240716163000
20240716164500
20240716170000
20240716171500
20240716173000
20240716174500
20240716180000
20240716181500
20240716183000
20240716184500
20240716190000
20240716191500
20240716193000
20240716194500
20240716200000
20240716201500
20240716203000
20240716204500
20240716210000
20240716211500
20240716213000
20240716214500
20240716220000
20240716221500
20240716223000
20240716224500
20240716230000
20240716231500
20240716233000
20240716234500
20240717000000
20240717001500
20240717003000
20240717004500
20240717010000
20240717011500
20240717013000
20240717014500
20240717020000
20240717021500
20240717023000
20240717024500
20240717030000
20240717031500
20240717033000
20240717034500
20240717040000
20240717041500
20240717043000
20240717044500
20240717050000
20240717051500
20240717053000
20240717054500
20240717060000
20240717061500
20240717063000
20240717064500
20240717070000
20240717071500
20240717073000
20240717074500
20240717080000
20240717081500
20240717083000
20240717084500
20240717090000
20240717091500
20240717093000
20240717094500
20240717100000
20240717101500
20240717103000
20240717104500
20240717110000
20240717111500
20240717113000
20240717114500
20240717120000
20240717121500
20240717123000
20240717124500
20240717130000
20240717131500
20240717133000
20240717134500
20240717140000
20240717141500
20240717143000
20240717144500
20240717150000
20240717151500
20240717153000
20240717154500
20240717160000
20240717161500
20240717163000
20240717164500
20240717170000
20240717171500
20240717173000
20240717174500
20240717180000
20240717181500
20240717183000
20240717184500
20240717190000
20240717191500
20240717193000
20240717194500
20240717200000
20240717201500
20240717203000
20240717204500
20240717210000
20240717211500
20240717213000
20240717214500
20240717220000
20240717221500
20240717223000
20240717224500
20240717230000
20240717231500
20240717233000
20240717234500
20240718000000
20240718001500
20240718003000
20240718004500
20240718010000
20240718011500
20240718013000
20240718014500
20240718020000
20240718021500
20240718023000
20240718024500
20240718030000
20240718031500
20240718033000
20240718034500
20240718040000
20240718041500
20240718043000
20240718044500
20240718050000
20240718051500
20240718053000
20240718054500
20240718060000
20240718061500
20240718063000
20240718064500
20240718070000
20240718071500
20240718073000
20240718074500
20240718080000
20240718081500
20240718083000
20240718084500
20240718090000
20240718091500
20240718093000
20240718094500
20240718100000
20240718101500
20240718103000
20240718104500
20240718110000
20240718111500
20240718113000
20240718114500
20240718120000
20240718121500
20240718123000
20240718124500
20240718130000
20240718131500
20240718133000
20240718134500
20240718140000
20240718141500
20240718143000
20240718144500
20240718150000
20240718151500
20240718153000
20240718154500
20240718160000
20240718161500
20240718163000
20240718164500
20240718170000
20240718171500
20240718173000
20240718174500
20240718180000
20240718181500
20240718183000
20240718184500
20240718190000
20240718191500
20240718193000
20240718194500
20240718200000
20240718201500
20240718203000
20240718204500
20240718210000
20240718211500
20240718213000
20240718214500
20240718220000
20240718221500
20240718223000
20240718224500
20240718230000
20240718231500
20240718233000
20240718234500
20240719000000
20240719001500
20240719003000
20240719004500
20240719010000
20240719011500
20240719013000
20240719014500
20240719020000
20240719021500
20240719023000
20240719024500
20240719030000
20240719031500
20240719033000
20240719034500
20240719040000
20240719041500
20240719043000
20240719044500
20240719050000
20240719051500
20240719053000
20240719054500
20240719060000
20240719061500
20240719063000
20240719064500
20240719070000
20240719071500
20240719073000
20240719074500
20240719080000
20240719081500
20240719083000
20240719084500
20240719090000
20240719091500
20240719093000
20240719094500
20240719100000
20240719101500
20240719103000
20240719104500
20240719110000
20240719111500
20240719113000
20240719114500
20240719120000
20240719121500
20240719123000
20240719124500
20240719130000
20240719131500
20240719133000
20240719134500
20240719140000
20240719141500
20240719143000
20240719144500
20240719150000
20240719151500
20240719153000
20240719154500
20240719160000
20240719161500
20240719163000
20240719164500
20240719170000
20240719171500
20240719173000
20240719174500
20240719180000
20240719181500
20240719183000
20240719184500
20240719190000
20240719191500
20240719193000
20240719194500
20240719200000
20240719201500
20240719203000
20240719204500
20240719210000
20240719211500
20240719213000
20240719214500
20240719220000
20240719221500
20240719223000
20240719224500
20240719230000
20240719231500
20240719233000
20240719234500
20240720000000
20240720001500
20240720003000
20240720004500
20240720010000
20240720011500
20240720013000
20240720014500
20240720020000
20240720021500
20240720023000
20240720024500
20240720030000
20240720031500
20240720033000
20240720034500
20240720040000
20240720041500
20240720043000
20240720044500
20240720050000
20240720051500
20240720053000
20240720054500
20240720060000
20240720061500
20240720063000
20240720064500
20240720070000
20240720071500
20240720073000
20240720074500
20240720080000
20240720081500
20240720083000
20240720084500
20240720090000
20240720091500
20240720093000
20240720094500
20240720100000
20240720101500
20240720103000
20240720104500
20240720110000
20240720111500
20240720113000
20240720114500
20240720120000
20240720121500
20240720123000
20240720124500
20240720130000
20240720131500
20240720133000
20240720134500
20240720140000
20240720141500
20240720143000
20240720144500
20240720150000
20240720151500
20240720153000
20240720154500
20240720160000
20240720161500
20240720163000
20240720164500
20240720170000
20240720171500
20240720173000
20240720174500
20240720180000
20240720181500
20240720183000
20240720184500
20240720190000
20240720191500
20240720193000
20240720194500
20240720200000
20240720201500
20240720203000
20240720204500
20240720210000
20240720211500
20240720213000
20240720214500
20240720220000
20240720221500
20240720223000
20240720224500
20240720230000
20240720231500
20240720233000
20240720234500
20240721000000
20240721001500
20240721003000
20240721004500
20240721010000
20240721011500
20240721013000
20240721014500
20240721020000
20240721021500
20240721023000
20240721024500
20240721030000
20240721031500
20240721033000
20240721034500
20240721040000
20240721041500
20240721043000
20240721044500
20240721050000
20240721051500
20240721053000
20240721054500
20240721060000
20240721061500
20240721063000
20240721064500
20240721070000
20240721071500
20240721073000
20240721074500
20240721080000
20240721081500
20240721083000
20240721084500
20240721090000
20240721091500
20240721093000
20240721094500
20240721100000
20240721101500
20240721103000
20240721104500
20240721110000
20240721111500
20240721113000
20240721114500
20240721120000
20240721121500
20240721123000
20240721124500
20240721130000
20240721131500
20240721133000
20240721134500
20240721140000
20240721141500
20240721143000
20240721144500
20240721150000
20240721151500
20240721153000
20240721154500
20240721160000
20240721161500
20240721163000
20240721164500
20240721170000
20240721171500
20240721173000
20240721174500
20240721180000
20240721181500
20240721183000
20240721184500
20240721190000
20240721191500
20240721193000
20240721194500
20240721200000
20240721201500
20240721203000
20240721204500
20240721210000
20240721211500
20240721213000
20240721214500
20240721220000
20240721221500
20240721223000
20240721224500
20240721230000
20240721231500
20240721233000
20240721234500
20240722000000
20240722001500
20240722003000
20240722004500
20240722010000
20240722011500
20240722013000
20240722014500
20240722020000
20240722021500
20240722023000
20240722024500
20240722030000
20240722031500
20240722033000
20240722034500
20240722040000
20240722041500
20240722043000
20240722044500
20240722050000
20240722051500
20240722053000
20240722054500
20240722060000
20240722061500
20240722063000
20240722064500
20240722070000
20240722071500
20240722073000
20240722074500
20240722080000
20240722081500
20240722083000
20240722084500
20240722090000
20240722091500
20240722093000
20240722094500
20240722100000
20240722101500
20240722103000
20240722104500
20240722110000
20240722111500
20240722113000
20240722114500
20240722120000
20240722121500
20240722123000
20240722124500
20240722130000
20240722131500
20240722133000
20240722134500
20240722140000
20240722141500
20240722143000
20240722144500
20240722150000
20240722151500
20240722153000
20240722154500
20240722160000
20240722161500
20240722163000
20240722164500
20240722170000
20240722171500
20240722173000
20240722174500
20240722180000
20240722181500
20240722183000
20240722184500
20240722190000
20240722191500
20240722193000
20240722194500
20240722200000
20240722201500
20240722203000
20240722204500
20240722210000
20240722211500
20240722213000
20240722214500
20240722220000
20240722221500
20240722223000
20240722224500
20240722230000
20240722231500
20240722233000
20240722234500
20240723000000
20240723001500
20240723003000
20240723004500
20240723010000
20240723011500
20240723013000
20240723014500
20240723020000
20240723021500
20240723023000
20240723024500
20240723030000
20240723031500
20240723033000
20240723034500
20240723040000
20240723041500
20240723043000
20240723044500
20240723050000
20240723051500
20240723053000
20240723054500
20240723060000
20240723061500
20240723063000
20240723064500
20240723070000
20240723071500
20240723073000
20240723074500
20240723080000
20240723081500
20240723083000
20240723084500
20240723090000
20240723091500
20240723093000
20240723094500
20240723100000
20240723101500
20240723103000
20240723104500
20240723110000
20240723111500
20240723113000
20240723114500
20240723120000
20240723121500
20240723123000
20240723124500
20240723130000
20240723131500
20240723133000
20240723134500
20240723140000
20240723141500
20240723143000
20240723144500
20240723150000
20240723151500
20240723153000
20240723154500
20240723160000
20240723161500
20240723163000
20240723164500
20240723170000
20240723171500
20240723173000
20240723174500
20240723180000
20240723181500
20240723183000
20240723184500
20240723190000
20240723191500
20240723193000
20240723194500
20240723200000
20240723201500
20240723203000
20240723204500
20240723210000
20240723211500
20240723213000
20240723214500
20240723220000
20240723221500
20240723223000
20240723224500
20240723230000
20240723231500
20240723233000
20240723234500
20240724000000
20240724001500
20240724003000
20240724004500
20240724010000
20240724011500
20240724013000
20240724014500
20240724020000
20240724021500
20240724023000
20240724024500
20240724030000
20240724031500
20240724033000
20240724034500
20240724040000
20240724041500
20240724043000
20240724044500
20240724050000
20240724051500
20240724053000
20240724054500
20240724060000
20240724061500
20240724063000
20240724064500
20240724070000
20240724071500
20240724073000
20240724074500
20240724080000
20240724081500
20240724083000
20240724084500
20240724090000
20240724091500
20240724093000
20240724094500
20240724100000
20240724101500
20240724103000
20240724104500
20240724110000
20240724111500
20240724113000
20240724114500
20240724120000
20240724121500
20240724123000
20240724124500
20240724130000
20240724131500
20240724133000
20240724134500
20240724140000
20240724141500
20240724143000
20240724144500
20240724150000
20240724151500
20240724153000
20240724154500
20240724160000
20240724161500
20240724163000
20240724164500
20240724170000
20240724171500
20240724173000
20240724174500
20240724180000
20240724181500
20240724183000
20240724184500
20240724190000
20240724191500
20240724193000
20240724194500
20240724200000
20240724201500
20240724203000
20240724204500
20240724210000
20240724211500
20240724213000
20240724214500
20240724220000
20240724221500
20240724223000
20240724224500
20240724230000
20240724231500
20240724233000
20240724234500
20240725000000
20240725001500
20240725003000
20240725004500
20240725010000
20240725011500
20240725013000
20240725014500
20240725020000
20240725021500
20240725023000
20240725024500
20240725030000
20240725031500
20240725033000
20240725034500
20240725040000
20240725041500
20240725043000
20240725044500
20240725050000
20240725051500
20240725053000
20240725054500
20240725060000
20240725061500
20240725063000
20240725064500
20240725070000
20240725071500
20240725073000
20240725074500
20240725080000
20240725081500
20240725083000
20240725084500
20240725090000
20240725091500
20240725093000
20240725094500
20240725100000
20240725101500
20240725103000
20240725104500
20240725110000
20240725111500
20240725113000
20240725114500
20240725120000
20240725121500
20240725123000
20240725124500
20240725130000
20240725131500
20240725133000
20240725134500
20240725140000
20240725141500
20240725143000
20240725144500
20240725150000
20240725151500
20240725153000
20240725154500
20240725160000
20240725161500
20240725163000
20240725164500
20240725170000
20240725171500
20240725173000
20240725174500
20240725180000
20240725181500
20240725183000
20240725184500
20240725190000
20240725191500
20240725193000
20240725194500
20240725200000
20240725201500
20240725203000
20240725204500
20240725210000
20240725211500
20240725213000
20240725214500
20240725220000
20240725221500
20240725223000
20240725224500
20240725230000
20240725231500
20240725233000
20240725234500
20240726000000
20240726001500
20240726003000
20240726004500
20240726010000
20240726011500
20240726013000
20240726014500
20240726020000
20240726021500
20240726023000
20240726024500
20240726030000
20240726031500
20240726033000
20240726034500
20240726040000
20240726041500
20240726043000
20240726044500
20240726050000
20240726051500
20240726053000
20240726054500
20240726060000
20240726061500
20240726063000
20240726064500
20240726070000
20240726071500
20240726073000
20240726074500
20240726080000
20240726081500
20240726083000
20240726084500
20240726090000
20240726091500
20240726093000
20240726094500
20240726100000
20240726101500
20240726103000
20240726104500
20240726110000
20240726111500
20240726113000
20240726114500
20240726120000
20240726121500
20240726123000
20240726124500
20240726130000
20240726131500
20240726133000
20240726134500
20240726140000
20240726141500
20240726143000
20240726144500
20240726150000
20240726151500
20240726153000
20240726154500
20240726160000
20240726161500
20240726163000
20240726164500
20240726170000
20240726171500
20240726173000
20240726174500
20240726180000
20240726181500
20240726183000
20240726184500
20240726190000
20240726191500
20240726193000
20240726194500
20240726200000
20240726201500
20240726203000
20240726204500
20240726210000
20240726211500
20240726213000
20240726214500
20240726220000
20240726221500
20240726223000
20240726224500
20240726230000
20240726231500
20240726233000
20240726234500
20240727000000
20240727001500
20240727003000
20240727004500
20240727010000
20240727011500
20240727013000
20240727014500
20240727020000
20240727021500
20240727023000
20240727024500
20240727030000
20240727031500
20240727033000
20240727034500
20240727040000
20240727041500
20240727043000
20240727044500
20240727050000
20240727051500
20240727053000
20240727054500
20240727060000
20240727061500
20240727063000
20240727064500
20240727070000
20240727071500
20240727073000
20240727074500
20240727080000
20240727081500
20240727083000
20240727084500
20240727090000
20240727091500
20240727093000
20240727094500
20240727100000
20240727101500
20240727103000
20240727104500
20240727110000
20240727111500
20240727113000
20240727114500
20240727120000
20240727121500
20240727123000
20240727124500
20240727130000
20240727131500
20240727133000
20240727134500
20240727140000
20240727141500
20240727143000
20240727144500
20240727150000
20240727151500
20240727153000
20240727154500
20240727160000
20240727161500
20240727163000
20240727164500
20240727170000
20240727171500
20240727173000
20240727174500
20240727180000
20240727181500
20240727183000
20240727184500
20240727190000
20240727191500
20240727193000
20240727194500
20240727200000
20240727201500
20240727203000
20240727204500
20240727210000
20240727211500
20240727213000
20240727214500
20240727220000
20240727221500
20240727223000
20240727224500
20240727230000
20240727231500
20240727233000
20240727234500
20240728000000
20240728001500
20240728003000
20240728004500
20240728010000
20240728011500
20240728013000
20240728014500
20240728020000
20240728021500
20240728023000
20240728024500
20240728030000
20240728031500
20240728033000
20240728034500
20240728040000
20240728041500
20240728043000
20240728044500
20240728050000
20240728051500
20240728053000
20240728054500
20240728060000
20240728061500
20240728063000
20240728064500
20240728070000
20240728071500
20240728073000
20240728074500
20240728080000
20240728081500
20240728083000
20240728084500
20240728090000
20240728091500
20240728093000
20240728094500
20240728100000
20240728101500
20240728103000
20240728104500
20240728110000
20240728111500
20240728113000
20240728114500
20240728120000
20240728121500
20240728123000
20240728124500
20240728130000
20240728131500
20240728133000
20240728134500
20240728140000
20240728141500
20240728143000
20240728144500
20240728150000
20240728151500
20240728153000
20240728154500
20240728160000
20240728161500
20240728163000
20240728164500
20240728170000
20240728171500
20240728173000
20240728174500
20240728180000
20240728181500
20240728183000
20240728184500
20240728190000
20240728191500
20240728193000
20240728194500
20240728200000
20240728201500
20240728203000
20240728204500
20240728210000
20240728211500
20240728213000
20240728214500
20240728220000
20240728221500
20240728223000
20240728224500
20240728230000
20240728231500
20240728233000
20240728234500
20240729000000
20240729001500
20240729003000
20240729004500
20240729010000
20240729011500
20240729013000
20240729014500
20240729020000
20240729021500
20240729023000
20240729024500
20240729030000
20240729031500
20240729033000
20240729034500
20240729040000
20240729041500
20240729043000
20240729044500
20240729050000
20240729051500
20240729053000
20240729054500
20240729060000
20240729061500
20240729063000
20240729064500
20240729070000
20240729071500
20240729073000
20240729074500
20240729080000
20240729081500
20240729083000
20240729084500
20240729090000
20240729091500
20240729093000
20240729094500
20240729100000
20240729101500
20240729103000
20240729104500
20240729110000
20240729111500
20240729113000
20240729114500
20240729120000
20240729121500
20240729123000
20240729124500
20240729130000
20240729131500
20240729133000
20240729134500
20240729140000
20240729141500
20240729143000
20240729144500
20240729150000
20240729151500
20240729153000
20240729154500
20240729160000
20240729161500
20240729163000
20240729164500
20240729170000
20240729171500
20240729173000
20240729174500
20240729180000
20240729181500
20240729183000
20240729184500
20240729190000
20240729191500
20240729193000
20240729194500
20240729200000
20240729201500
20240729203000
20240729204500
20240729210000
20240729211500
20240729213000
20240729214500
20240729220000
20240729221500
20240729223000
20240729224500
20240729230000
20240729231500
20240729233000
20240729234500
20240730000000
20240730001500
20240730003000
20240730004500
20240730010000
20240730011500
20240730013000
20240730014500
20240730020000
20240730021500
20240730023000
20240730024500
20240730030000
20240730031500
20240730033000
20240730034500
20240730040000
20240730041500
20240730043000
20240730044500
20240730050000
20240730051500
20240730053000
20240730054500
20240730060000
20240730061500
20240730063000
20240730064500
20240730070000
20240730071500
20240730073000
20240730074500
20240730080000
20240730081500
20240730083000
20240730084500
20240730090000
20240730091500
20240730093000
20240730094500
20240730100000
20240730101500
20240730103000
20240730104500
20240730110000
20240730111500
20240730113000
20240730114500
20240730120000
20240730121500
20240730123000
20240730124500
20240730130000
20240730131500
20240730133000
20240730134500
20240730140000
20240730141500
20240730143000
20240730144500
20240730150000
20240730151500
20240730153000
20240730154500
20240730160000
20240730161500
20240730163000
20240730164500
20240730170000
20240730171500
20240730173000
20240730174500
20240730180000
20240730181500
20240730183000
20240730184500
20240730190000
20240730191500
20240730193000
20240730194500
20240730200000
20240730201500
20240730203000
20240730204500
20240730210000
20240730211500
20240730213000
20240730214500
20240730220000
20240730221500
20240730223000
20240730224500
20240730230000
20240730231500
20240730233000
20240730234500
20240731000000
20240731001500
20240731003000
20240731004500
20240731010000
20240731011500
20240731013000
20240731014500
20240731020000
20240731021500
20240731023000
20240731024500
20240731030000
20240731031500
20240731033000
20240731034500
20240731040000
20240731041500
20240731043000
20240731044500
20240731050000
20240731051500
20240731053000
20240731054500
20240731060000
20240731061500
20240731063000
20240731064500
20240731070000
20240731071500
20240731073000
20240731074500
20240731080000
20240731081500
20240731083000
20240731084500
20240731090000
20240731091500
20240731093000
20240731094500
20240731100000
20240731101500
20240731103000
20240731104500
20240731110000
20240731111500
20240731113000
20240731114500
20240731120000
20240731121500
20240731123000
20240731124500
20240731130000
20240731131500
20240731133000
20240731134500
20240731140000
20240731141500
20240731143000
20240731144500
20240731150000
20240731151500
20240731153000
20240731154500
20240731160000
20240731161500
20240731163000
20240731164500
20240731170000
20240731171500
20240731173000
20240731174500
20240731180000
20240731181500
20240731183000
20240731184500
20240731190000
20240731191500
20240731193000
20240731194500
20240731200000
20240731201500
20240731203000
20240731204500
20240731210000
20240731211500
20240731213000
20240731214500
20240731220000
20240731221500
20240731223000
20240731224500
20240731230000
20240731231500
20240731233000
20240731234500
20220601000000
20220601001500
20220601003000
20220601004500
20220601010000
20220601011500
20220601013000
20220601014500
20220601020000
20220601021500
20220601023000
20220601024500
20220601030000
20220601031500
20220601033000
20220601034500
20220601040000
20220601041500
20220601043000
20220601044500
20220601050000
20220601051500
20220601053000
20220601054500
20220601060000
20220601061500
20220601063000
20220601064500
20220601070000
20220601071500
20220601073000
20220601074500
20220601080000
20220601081500
20220601083000
20220601084500
20220601090000
20220601091500
20220601093000
20220601094500
20220601100000
20220601101500
20220601103000
20220601104500
20220601110000
20220601111500
20220601113000
20220601114500
20220601120000
20220601121500
20220601123000
20220601124500
20220601130000
20220601131500
20220601133000
20220601134500
20220601140000
20220601141500
20220601143000
20220601144500
20220601150000
20220601151500
20220601153000
20220601154500
20220601160000
20220601161500
20220601163000
20220601164500
20220601170000
20220601171500
20220601173000
20220601174500
20220601180000
20220601181500
20220601183000
20220601184500
20220601190000
20220601191500
20220601193000
20220601194500
20220601200000
20220601201500
20220601203000
20220601204500
20220601210000
20220601211500
20220601213000
20220601214500
20220601220000
20220601221500
20220601223000
20220601224500
20220601230000
20220601231500
20220601233000
20220601234500
20220602000000
20220602001500
20220602003000
20220602004500
20220602010000
20220602011500
20220602013000
20220602014500
20220602020000
20220602021500
20220602023000
20220602024500
20220602030000
20220602031500
20220602033000
20220602034500
20220602040000
20220602041500
20220602043000
20220602044500
20220602050000
20220602051500
20220602053000
20220602054500
20220602060000
20220602061500
20220602063000
20220602064500
20220602070000
20220602071500
20220602073000
20220602074500
20220602080000
20220602081500
20220602083000
20220602084500
20220602090000
20220602091500
20220602093000
20220602094500
20220602100000
20220602101500
20220602103000
20220602104500
20220602110000
20220602111500
20220602113000
20220602114500
20220602120000
20220602121500
20220602123000
20220602124500
20220602130000
20220602131500
20220602133000
20220602134500
20220602140000
20220602141500
20220602143000
20220602144500
20220602150000
20220602151500
20220602153000
20220602154500
20220602160000
20220602161500
20220602163000
20220602164500
20220602170000
20220602171500
20220602173000
20220602174500
20220602180000
20220602181500
20220602183000
20220602184500
20220602190000
20220602191500
20220602193000
20220602194500
20220602200000
20220602201500
20220602203000
20220602204500
20220602210000
20220602211500
20220602213000
20220602214500
20220602220000
20220602221500
20220602223000
20220602224500
20220602230000
20220602231500
20220602233000
20220602234500
20220603000000
20220603001500
20220603003000
20220603004500
20220603010000
20220603011500
20220603013000
20220603014500
20220603020000
20220603021500
20220603023000
20220603024500
20220603030000
20220603031500
20220603033000
20220603034500
20220603040000
20220603041500
20220603043000
20220603044500
20220603050000
20220603051500
20220603053000
20220603054500
20220603060000
20220603061500
20220603063000
20220603064500
20220603070000
20220603071500
20220603073000
20220603074500
20220603080000
20220603081500
20220603083000
20220603084500
20220603090000
20220603091500
20220603093000
20220603094500
20220603100000
20220603101500
20220603103000
20220603104500
20220603110000
20220603111500
20220603113000
20220603114500
20220603120000
20220603121500
20220603123000
20220603124500
20220603130000
20220603131500
20220603133000
20220603134500
20220603140000
20220603141500
20220603143000
20220603144500
20220603150000
20220603151500
20220603153000
20220603154500
20220603160000
20220603161500
20220603163000
20220603164500
20220603170000
20220603171500
20220603173000
20220603174500
20220603180000
20220603181500
20220603183000
20220603184500
20220603190000
20220603191500
20220603193000
20220603194500
20220603200000
20220603201500
20220603203000
20220603204500
20220603210000
20220603211500
20220603213000
20220603214500
20220603220000
20220603221500
20220603223000
20220603224500
20220603230000
20220603231500
20220603233000
20220603234500
20220604000000
20220604001500
20220604003000
20220604004500
20220604010000
20220604011500
20220604013000
20220604014500
20220604020000
20220604021500
20220604023000
20220604024500
20220604030000
20220604031500
20220604033000
20220604034500
20220604040000
20220604041500
20220604043000
20220604044500
20220604050000
20220604051500
20220604053000
20220604054500
20220604060000
20220604061500
20220604063000
20220604064500
20220604070000
20220604071500
20220604073000
20220604074500
20220604080000
20220604081500
20220604083000
20220604084500
20220604090000
20220604091500
20220604093000
20220604094500
20220604100000
20220604101500
20220604103000
20220604104500
20220604110000
20220604111500
20220604113000
20220604114500
20220604120000
20220604121500
20220604123000
20220604124500
20220604130000
20220604131500
20220604133000
20220604134500
20220604140000
20220604141500
20220604143000
20220604144500
20220604150000
20220604151500
20220604153000
20220604154500
20220604160000
20220604161500
20220604163000
20220604164500
20220604170000
20220604171500
20220604173000
20220604174500
20220604180000
20220604181500
20220604183000
20220604184500
20220604190000
20220604191500
20220604193000
20220604194500
20220604200000
20220604201500
20220604203000
20220604204500
20220604210000
20220604211500
20220604213000
20220604214500
20220604220000
20220604221500
20220604223000
20220604224500
20220604230000
20220604231500
20220604233000
20220604234500
20220605000000
20220605001500
20220605003000
20220605004500
20220605010000
20220605011500
20220605013000
20220605014500
20220605020000
20220605021500
20220605023000
20220605024500
20220605030000
20220605031500
20220605033000
20220605034500
20220605040000
20220605041500
20220605043000
20220605044500
20220605050000
20220605051500
20220605053000
20220605054500
20220605060000
20220605061500
20220605063000
20220605064500
20220605070000
20220605071500
20220605073000
20220605074500
20220605080000
20220605081500
20220605083000
20220605084500
20220605090000
20220605091500
20220605093000
20220605094500
20220605100000
20220605101500
20220605103000
20220605104500
20220605110000
20220605111500
20220605113000
20220605114500
20220605120000
20220605121500
20220605123000
20220605124500
20220605130000
20220605131500
20220605133000
20220605134500
20220605140000
20220605141500
20220605143000
20220605144500
20220605150000
20220605151500
20220605153000
20220605154500
20220605160000
20220605161500
20220605163000
20220605164500
20220605170000
20220605171500
20220605173000
20220605174500
20220605180000
20220605181500
20220605183000
20220605184500
20220605190000
20220605191500
20220605193000
20220605194500
20220605200000
20220605201500
20220605203000
20220605204500
20220605210000
20220605211500
20220605213000
20220605214500
20220605220000
20220605221500
20220605223000
20220605224500
20220605230000
20220605231500
20220605233000
20220605234500
20220606000000
20220606001500
20220606003000
20220606004500
20220606010000
20220606011500
20220606013000
20220606014500
20220606020000
20220606021500
20220606023000
20220606024500
20220606030000
20220606031500
20220606033000
20220606034500
20220606040000
20220606041500
20220606043000
20220606044500
20220606050000
20220606051500
20220606053000
20220606054500
20220606060000
20220606061500
20220606063000
20220606064500
20220606070000
20220606071500
20220606073000
20220606074500
20220606080000
20220606081500
20220606083000
20220606084500
20220606090000
20220606091500
20220606093000
20220606094500
20220606100000
20220606101500
20220606103000
20220606104500
20220606110000
20220606111500
20220606113000
20220606114500
20220606120000
20220606121500
20220606123000
20220606124500
20220606130000
20220606131500
20220606133000
20220606134500
20220606140000
20220606141500
20220606143000
20220606144500
20220606150000
20220606151500
20220606153000
20220606154500
20220606160000
20220606161500
20220606163000
20220606164500
20220606170000
20220606171500
20220606173000
20220606174500
20220606180000
20220606181500
20220606183000
20220606184500
20220606190000
20220606191500
20220606193000
20220606194500
20220606200000
20220606201500
20220606203000
20220606204500
20220606210000
20220606211500
20220606213000
20220606214500
20220606220000
20220606221500
20220606223000
20220606224500
20220606230000
20220606231500
20220606233000
20220606234500
20220607000000
20220607001500
20220607003000
20220607004500
20220607010000
20220607011500
20220607013000
20220607014500
20220607020000
20220607021500
20220607023000
20220607024500
20220607030000
20220607031500
20220607033000
20220607034500
20220607040000
20220607041500
20220607043000
20220607044500
20220607050000
20220607051500
20220607053000
20220607054500
20220607060000
20220607061500
20220607063000
20220607064500
20220607070000
20220607071500
20220607073000
20220607074500
20220607080000
20220607081500
20220607083000
20220607084500
20220607090000
20220607091500
20220607093000
20220607094500
20220607100000
20220607101500
20220607103000
20220607104500
20220607110000
20220607111500
20220607113000
20220607114500
20220607120000
20220607121500
20220607123000
20220607124500
20220607130000
20220607131500
20220607133000
20220607134500
20220607140000
20220607141500
20220607143000
20220607144500
20220607150000
20220607151500
20220607153000
20220607154500
20220607160000
20220607161500
20220607163000
20220607164500
20220607170000
20220607171500
20220607173000
20220607174500
20220607180000
20220607181500
20220607183000
20220607184500
20220607190000
20220607191500
20220607193000
20220607194500
20220607200000
20220607201500
20220607203000
20220607204500
20220607210000
20220607211500
20220607213000
20220607214500
20220607220000
20220607221500
20220607223000
20220607224500
20220607230000
20220607231500
20220607233000
20220607234500
20220608000000
20220608001500
20220608003000
20220608004500
20220608010000
20220608011500
20220608013000
20220608014500
20220608020000
20220608021500
20220608023000
20220608024500
20220608030000
20220608031500
20220608033000
20220608034500
20220608040000
20220608041500
20220608043000
20220608044500
20220608050000
20220608051500
20220608053000
20220608054500
20220608060000
20220608061500
20220608063000
20220608064500
20220608070000
20220608071500
20220608073000
20220608074500
20220608080000
20220608081500
20220608083000
20220608084500
20220608090000
20220608091500
20220608093000
20220608094500
20220608100000
20220608101500
20220608103000
20220608104500
20220608110000
20220608111500
20220608113000
20220608114500
20220608120000
20220608121500
20220608123000
20220608124500
20220608130000
20220608131500
20220608133000
20220608134500
20220608140000
20220608141500
20220608143000
20220608144500
20220608150000
20220608151500
20220608153000
20220608154500
20220608160000
20220608161500
20220608163000
20220608164500
20220608170000
20220608171500
20220608173000
20220608174500
20220608180000
20220608181500
20220608183000
20220608184500
20220608190000
20220608191500
20220608193000
20220608194500
20220608200000
20220608201500
20220608203000
20220608204500
20220608210000
20220608211500
20220608213000
20220608214500
20220608220000
20220608221500
20220608223000
20220608224500
20220608230000
20220608231500
20220608233000
20220608234500
20220609000000
20220609001500
20220609003000
20220609004500
20220609010000
20220609011500
20220609013000
20220609014500
20220609020000
20220609021500
20220609023000
20220609024500
20220609030000
20220609031500
20220609033000
20220609034500
20220609040000
20220609041500
20220609043000
20220609044500
20220609050000
20220609051500
20220609053000
20220609054500
20220609060000
20220609061500
20220609063000
20220609064500
20220609070000
20220609071500
20220609073000
20220609074500
20220609080000
20220609081500
20220609083000
20220609084500
20220609090000
20220609091500
20220609093000
20220609094500
20220609100000
20220609101500
20220609103000
20220609104500
20220609110000
20220609111500
20220609113000
20220609114500
20220609120000
20220609121500
20220609123000
20220609124500
20220609130000
20220609131500
20220609133000
20220609134500
20220609140000
20220609141500
20220609143000
20220609144500
20220609150000
20220609151500
20220609153000
20220609154500
20220609160000
20220609161500
20220609163000
20220609164500
20220609170000
20220609171500
20220609173000
20220609174500
20220609180000
20220609181500
20220609183000
20220609184500
20220609190000
20220609191500
20220609193000
20220609194500
20220609200000
20220609201500
20220609203000
20220609204500
20220609210000
20220609211500
20220609213000
20220609214500
20220609220000
20220609221500
20220609223000
20220609224500
20220609230000
20220609231500
20220609233000
20220609234500
20220610000000
20220610001500
20220610003000
20220610004500
20220610010000
20220610011500
20220610013000
20220610014500
20220610020000
20220610021500
20220610023000
20220610024500
20220610030000
20220610031500
20220610033000
20220610034500
20220610040000
20220610041500
20220610043000
20220610044500
20220610050000
20220610051500
20220610053000
20220610054500
20220610060000
20220610061500
20220610063000
20220610064500
20220610070000
20220610071500
20220610073000
20220610074500
20220610080000
20220610081500
20220610083000
20220610084500
20220610090000
20220610091500
20220610093000
20220610094500
20220610100000
20220610101500
20220610103000
20220610104500
20220610110000
20220610111500
20220610113000
20220610114500
20220610120000
20220610121500
20220610123000
20220610124500
20220610130000
20220610131500
20220610133000
20220610134500
20220610140000
20220610141500
20220610143000
20220610144500
20220610150000
20220610151500
20220610153000
20220610154500
20220610160000
20220610161500
20220610163000
20220610164500
20220610170000
20220610171500
20220610173000
20220610174500
20220610180000
20220610181500
20220610183000
20220610184500
20220610190000
20220610191500
20220610193000
20220610194500
20220610200000
20220610201500
20220610203000
20220610204500
20220610210000
20220610211500
20220610213000
20220610214500
20220610220000
20220610221500
20220610223000
20220610224500
20220610230000
20220610231500
20220610233000
20220610234500
20220611000000
20220611001500
20220611003000
20220611004500
20220611010000
20220611011500
20220611013000
20220611014500
20220611020000
20220611021500
20220611023000
20220611024500
20220611030000
20220611031500
20220611033000
20220611034500
20220611040000
20220611041500
20220611043000
20220611044500
20220611050000
20220611051500
20220611053000
20220611054500
20220611060000
20220611061500
20220611063000
20220611064500
20220611070000
20220611071500
20220611073000
20220611074500
20220611080000
20220611081500
20220611083000
20220611084500
20220611090000
20220611091500
20220611093000
20220611094500
20220611100000
20220611101500
20220611103000
20220611104500
20220611110000
20220611111500
20220611113000
20220611114500
20220611120000
20220611121500
20220611123000
20220611124500
20220611130000
20220611131500
20220611133000
20220611134500
20220611140000
20220611141500
20220611143000
20220611144500
20220611150000
20220611151500
20220611153000
20220611154500
20220611160000
20220611161500
20220611163000
20220611164500
20220611170000
20220611171500
20220611173000
20220611174500
20220611180000
20220611181500
20220611183000
20220611184500
20220611190000
20220611191500
20220611193000
20220611194500
20220611200000
20220611201500
20220611203000
20220611204500
20220611210000
20220611211500
20220611213000
20220611214500
20220611220000
20220611221500
20220611223000
20220611224500
20220611230000
20220611231500
20220611233000
20220611234500
20220612000000
20220612001500
20220612003000
20220612004500
20220612010000
20220612011500
20220612013000
20220612014500
20220612020000
20220612021500
20220612023000
20220612024500
20220612030000
20220612031500
20220612033000
20220612034500
20220612040000
20220612041500
20220612043000
20220612044500
20220612050000
20220612051500
20220612053000
20220612054500
20220612060000
20220612061500
20220612063000
20220612064500
20220612070000
20220612071500
20220612073000
20220612074500
20220612080000
20220612081500
20220612083000
20220612084500
20220612090000
20220612091500
20220612093000
20220612094500
20220612100000
20220612101500
20220612103000
20220612104500
20220612110000
20220612111500
20220612113000
20220612114500
20220612120000
20220612121500
20220612123000
20220612124500
20220612130000
20220612131500
20220612133000
20220612134500
20220612140000
20220612141500
20220612143000
20220612144500
20220612150000
20220612151500
20220612153000
20220612154500
20220612160000
20220612161500
20220612163000
20220612164500
20220612170000
20220612171500
20220612173000
20220612174500
20220612180000
20220612181500
20220612183000
20220612184500
20220612190000
20220612191500
20220612193000
20220612194500
20220612200000
20220612201500
20220612203000
20220612204500
20220612210000
20220612211500
20220612213000
20220612214500
20220612220000
20220612221500
20220612223000
20220612224500
20220612230000
20220612231500
20220612233000
20220612234500
20220613000000
20220613001500
20220613003000
20220613004500
20220613010000
20220613011500
20220613013000
20220613014500
20220613020000
20220613021500
20220613023000
20220613024500
20220613030000
20220613031500
20220613033000
20220613034500
20220613040000
20220613041500
20220613043000
20220613044500
20220613050000
20220613051500
20220613053000
20220613054500
20220613060000
20220613061500
20220613063000
20220613064500
20220613070000
20220613071500
20220613073000
20220613074500
20220613080000
20220613081500
20220613083000
20220613084500
20220613090000
20220613091500
20220613093000
20220613094500
20220613100000
20220613101500
20220613103000
20220613104500
20220613110000
20220613111500
20220613113000
20220613114500
20220613120000
20220613121500
20220613123000
20220613124500
20220613130000
20220613131500
20220613133000
20220613134500
20220613140000
20220613141500
20220613143000
20220613144500
20220613150000
20220613151500
20220613153000
20220613154500
20220613160000
20220613161500
20220613163000
20220613164500
20220613170000
20220613171500
20220613173000
20220613174500
20220613180000
20220613181500
20220613183000
20220613184500
20220613190000
20220613191500
20220613193000
20220613194500
20220613200000
20220613201500
20220613203000
20220613204500
20220613210000
20220613211500
20220613213000
20220613214500
20220613220000
20220613221500
20220613223000
20220613224500
20220613230000
20220613231500
20220613233000
20220613234500
20220614000000
20220614001500
20220614003000
20220614004500
20220614010000
20220614011500
20220614013000
20220614014500
20220614020000
20220614021500
20220614023000
20220614024500
20220614030000
20220614031500
20220614033000
20220614034500
20220614040000
20220614041500
20220614043000
20220614044500
20220614050000
20220614051500
20220614053000
20220614054500
20220614060000
20220614061500
20220614063000
20220614064500
20220614070000
20220614071500
20220614073000
20220614074500
20220614080000
20220614081500
20220614083000
20220614084500
20220614090000
20220614091500
20220614093000
20220614094500
20220614100000
20220614101500
20220614103000
20220614104500
20220614110000
20220614111500
20220614113000
20220614114500
20220614120000
20220614121500
20220614123000
20220614124500
20220614130000
20220614131500
20220614133000
20220614134500
20220614140000
20220614141500
20220614143000
20220614144500
20220614150000
20220614151500
20220614153000
20220614154500
20220614160000
20220614161500
20220614163000
20220614164500
20220614170000
20220614171500
20220614173000
20220614174500
20220614180000
20220614181500
20220614183000
20220614184500
20220614190000
20220614191500
20220614193000
20220614194500
20220614200000
20220614201500
20220614203000
20220614204500
20220614210000
20220614211500
20220614213000
20220614214500
20220614220000
20220614221500
20220614223000
20220614224500
20220614230000
20220614231500
20220614233000
20220614234500
20220615000000
20220615001500
20220615003000
20220615004500
20220615010000
20220615011500
20220615013000
20220615014500
20220615020000
20220615021500
20220615023000
20220615024500
20220615030000
20220615031500
20220615033000
20220615034500
20220615040000
20220615041500
20220615043000
20220615044500
20220615050000
20220615051500
20220615053000
20220615054500
20220615060000
20220615061500
20220615063000
20220615064500
20220615070000
20220615071500
20220615073000
20220615074500
20220615080000
20220615081500
20220615083000
20220615084500
20220615090000
20220615091500
20220615093000
20220615094500
20220615100000
20220615101500
20220615103000
20220615104500
20220615110000
20220615111500
20220615113000
20220615114500
20220615120000
20220615121500
20220615123000
20220615124500
20220615130000
20220615131500
20220615133000
20220615134500
20220615140000
20220615141500
20220615143000
20220615144500
20220615150000
20220615151500
20220615153000
20220615154500
20220615160000
20220615161500
20220615163000
20220615164500
20220615170000
20220615171500
20220615173000
20220615174500
20220615180000
20220615181500
20220615183000
20220615184500
20220615190000
20220615191500
20220615193000
20220615194500
20220615200000
20220615201500
20220615203000
20220615204500
20220615210000
20220615211500
20220615213000
20220615214500
20220615220000
20220615221500
20220615223000
20220615224500
20220615230000
20220615231500
20220615233000
20220615234500
20220616000000
20220616001500
20220616003000
20220616004500
20220616010000
20220616011500
20220616013000
20220616014500
20220616020000
20220616021500
20220616023000
20220616024500
20220616030000
20220616031500
20220616033000
20220616034500
20220616040000
20220616041500
20220616043000
20220616044500
20220616050000
20220616051500
20220616053000
20220616054500
20220616060000
20220616061500
20220616063000
20220616064500
20220616070000
20220616071500
20220616073000
20220616074500
20220616080000
20220616081500
20220616083000
20220616084500
20220616090000
20220616091500
20220616093000
20220616094500
20220616100000
20220616101500
20220616103000
20220616104500
20220616110000
20220616111500
20220616113000
20220616114500
20220616120000
20220616121500
20220616123000
20220616124500
20220616130000
20220616131500
20220616133000
20220616134500
20220616140000
20220616141500
20220616143000
20220616144500
20220616150000
20220616151500
20220616153000
20220616154500
20220616160000
20220616161500
20220616163000
20220616164500
20220616170000
20220616171500
20220616173000
20220616174500
20220616180000
20220616181500
20220616183000
20220616184500
20220616190000
20220616191500
20220616193000
20220616194500
20220616200000
20220616201500
20220616203000
20220616204500
20220616210000
20220616211500
20220616213000
20220616214500
20220616220000
20220616221500
20220616223000
20220616224500
20220616230000
20220616231500
20220616233000
20220616234500
20220617000000
20220617001500
20220617003000
20220617004500
20220617010000
20220617011500
20220617013000
20220617014500
20220617020000
20220617021500
20220617023000
20220617024500
20220617030000
20220617031500
20220617033000
20220617034500
20220617040000
20220617041500
20220617043000
20220617044500
20220617050000
20220617051500
20220617053000
20220617054500
20220617060000
20220617061500
20220617063000
20220617064500
20220617070000
20220617071500
20220617073000
20220617074500
20220617080000
20220617081500
20220617083000
20220617084500
20220617090000
20220617091500
20220617093000
20220617094500
20220617100000
20220617101500
20220617103000
20220617104500
20220617110000
20220617111500
20220617113000
20220617114500
20220617120000
20220617121500
20220617123000
20220617124500
20220617130000
20220617131500
20220617133000
20220617134500
20220617140000
20220617141500
20220617143000
20220617144500
20220617150000
20220617151500
20220617153000
20220617154500
20220617160000
20220617161500
20220617163000
20220617164500
20220617170000
20220617171500
20220617173000
20220617174500
20220617180000
20220617181500
20220617183000
20220617184500
20220617190000
20220617191500
20220617193000
20220617194500
20220617200000
20220617201500
20220617203000
20220617204500
20220617210000
20220617211500
20220617213000
20220617214500
20220617220000
20220617221500
20220617223000
20220617224500
20220617230000
20220617231500
20220617233000
20220617234500
20220618000000
20220618001500
20220618003000
20220618004500
20220618010000
20220618011500
20220618013000
20220618014500
20220618020000
20220618021500
20220618023000
20220618024500
20220618030000
20220618031500
20220618033000
20220618034500
20220618040000
20220618041500
20220618043000
20220618044500
20220618050000
20220618051500
20220618053000
20220618054500
20220618060000
20220618061500
20220618063000
20220618064500
20220618070000
20220618071500
20220618073000
20220618074500
20220618080000
20220618081500
20220618083000
20220618084500
20220618090000
20220618091500
20220618093000
20220618094500
20220618100000
20220618101500
20220618103000
20220618104500
20220618110000
20220618111500
20220618113000
20220618114500
20220618120000
20220618121500
20220618123000
20220618124500
20220618130000
20220618131500
20220618133000
20220618134500
20220618140000
20220618141500
20220618143000
20220618144500
20220618150000
20220618151500
20220618153000
20220618154500
20220618160000
20220618161500
20220618163000
20220618164500
20220618170000
20220618171500
20220618173000
20220618174500
20220618180000
20220618181500
20220618183000
20220618184500
20220618190000
20220618191500
20220618193000
20220618194500
20220618200000
20220618201500
20220618203000
20220618204500
20220618210000
20220618211500
20220618213000
20220618214500
20220618220000
20220618221500
20220618223000
20220618224500
20220618230000
20220618231500
20220618233000
20220618234500
20220619000000
20220619001500
20220619003000
20220619004500
20220619010000
20220619011500
20220619013000
20220619014500
20220619020000
20220619021500
20220619023000
20220619024500
20220619030000
20220619031500
20220619033000
20220619034500
20220619040000
20220619041500
20220619043000
20220619044500
20220619050000
20220619051500
20220619053000
20220619054500
20220619060000
20220619061500
20220619063000
20220619064500
20220619070000
20220619071500
20220619073000
20220619074500
20220619080000
20220619081500
20220619083000
20220619084500
20220619090000
20220619091500
20220619093000
20220619094500
20220619100000
20220619101500
20220619103000
20220619104500
20220619110000
20220619111500
20220619113000
20220619114500
20220619120000
20220619121500
20220619123000
20220619124500
20220619130000
20220619131500
20220619133000
20220619134500
20220619140000
20220619141500
20220619143000
20220619144500
20220619150000
20220619151500
20220619153000
20220619154500
20220619160000
20220619161500
20220619163000
20220619164500
20220619170000
20220619171500
20220619173000
20220619174500
20220619180000
20220619181500
20220619183000
20220619184500
20220619190000
20220619191500
20220619193000
20220619194500
20220619200000
20220619201500
20220619203000
20220619204500
20220619210000
20220619211500
20220619213000
20220619214500
20220619220000
20220619221500
20220619223000
20220619224500
20220619230000
20220619231500
20220619233000
20220619234500
20220620000000
20220620001500
20220620003000
20220620004500
20220620010000
20220620011500
20220620013000
20220620014500
20220620020000
20220620021500
20220620023000
20220620024500
20220620030000
20220620031500
20220620033000
20220620034500
20220620040000
20220620041500
20220620043000
20220620044500
20220620050000
20220620051500
20220620053000
20220620054500
20220620060000
20220620061500
20220620063000
20220620064500
20220620070000
20220620071500
20220620073000
20220620074500
20220620080000
20220620081500
20220620083000
20220620084500
20220620090000
20220620091500
20220620093000
20220620094500
20220620100000
20220620101500
20220620103000
20220620104500
20220620110000
20220620111500
20220620113000
20220620114500
20220620120000
20220620121500
20220620123000
20220620124500
20220620130000
20220620131500
20220620133000
20220620134500
20220620140000
20220620141500
20220620143000
20220620144500
20220620150000
20220620151500
20220620153000
20220620154500
20220620160000
20220620161500
20220620163000
20220620164500
20220620170000
20220620171500
20220620173000
20220620174500
20220620180000
20220620181500
20220620183000
20220620184500
20220620190000
20220620191500
20220620193000
20220620194500
20220620200000
20220620201500
20220620203000
20220620204500
20220620210000
20220620211500
20220620213000
20220620214500
20220620220000
20220620221500
20220620223000
20220620224500
20220620230000
20220620231500
20220620233000
20220620234500
20220621000000
20220621001500
20220621003000
20220621004500
20220621010000
20220621011500
20220621013000
20220621014500
20220621020000
20220621021500
20220621023000
20220621024500
20220621030000
20220621031500
20220621033000
20220621034500
20220621040000
20220621041500
20220621043000
20220621044500
20220621050000
20220621051500
20220621053000
20220621054500
20220621060000
20220621061500
20220621063000
20220621064500
20220621070000
20220621071500
20220621073000
20220621074500
20220621080000
20220621081500
20220621083000
20220621084500
20220621090000
20220621091500
20220621093000
20220621094500
20220621100000
20220621101500
20220621103000
20220621104500
20220621110000
20220621111500
20220621113000
20220621114500
20220621120000
20220621121500
20220621123000
20220621124500
20220621130000
20220621131500
20220621133000
20220621134500
20220621140000
20220621141500
20220621143000
20220621144500
20220621150000
20220621151500
20220621153000
20220621154500
20220621160000
20220621161500
20220621163000
20220621164500
20220621170000
20220621171500
20220621173000
20220621174500
20220621180000
20220621181500
20220621183000
20220621184500
20220621190000
20220621191500
20220621193000
20220621194500
20220621200000
20220621201500
20220621203000
20220621204500
20220621210000
20220621211500
20220621213000
20220621214500
20220621220000
20220621221500
20220621223000
20220621224500
20220621230000
20220621231500
20220621233000
20220621234500
20220622000000
20220622001500
20220622003000
20220622004500
20220622010000
20220622011500
20220622013000
20220622014500
20220622020000
20220622021500
20220622023000
20220622024500
20220622030000
20220622031500
20220622033000
20220622034500
20220622040000
20220622041500
20220622043000
20220622044500
20220622050000
20220622051500
20220622053000
20220622054500
20220622060000
20220622061500
20220622063000
20220622064500
20220622070000
20220622071500
20220622073000
20220622074500
20220622080000
20220622081500
20220622083000
20220622084500
20220622090000
20220622091500
20220622093000
20220622094500
20220622100000
20220622101500
20220622103000
20220622104500
20220622110000
20220622111500
20220622113000
20220622114500
20220622120000
20220622121500
20220622123000
20220622124500
20220622130000
20220622131500
20220622133000
20220622134500
20220622140000
20220622141500
20220622143000
20220622144500
20220622150000
20220622151500
20220622153000
20220622154500
20220622160000
20220622161500
20220622163000
20220622164500
20220622170000
20220622171500
20220622173000
20220622174500
20220622180000
20220622181500
20220622183000
20220622184500
20220622190000
20220622191500
20220622193000
20220622194500
20220622200000
20220622201500
20220622203000
20220622204500
20220622210000
20220622211500
20220622213000
20220622214500
20220622220000
20220622221500
20220622223000
20220622224500
20220622230000
20220622231500
20220622233000
20220622234500
20220623000000
20220623001500
20220623003000
20220623004500
20220623010000
20220623011500
20220623013000
20220623014500
20220623020000
20220623021500
20220623023000
20220623024500
20220623030000
20220623031500
20220623033000
20220623034500
20220623040000
20220623041500
20220623043000
20220623044500
20220623050000
20220623051500
20220623053000
20220623054500
20220623060000
20220623061500
20220623063000
20220623064500
20220623070000
20220623071500
20220623073000
20220623074500
20220623080000
20220623081500
20220623083000
20220623084500
20220623090000
20220623091500
20220623093000
20220623094500
20220623100000
20220623101500
20220623103000
20220623104500
20220623110000
20220623111500
20220623113000
20220623114500
20220623120000
20220623121500
20220623123000
20220623124500
20220623130000
20220623131500
20220623133000
20220623134500
20220623140000
20220623141500
20220623143000
20220623144500
20220623150000
20220623151500
20220623153000
20220623154500
20220623160000
20220623161500
20220623163000
20220623164500
20220623170000
20220623171500
20220623173000
20220623174500
20220623180000
20220623181500
20220623183000
20220623184500
20220623190000
20220623191500
20220623193000
20220623194500
20220623200000
20220623201500
20220623203000
20220623204500
20220623210000
20220623211500
20220623213000
20220623214500
20220623220000
20220623221500
20220623223000
20220623224500
20220623230000
20220623231500
20220623233000
20220623234500
20220624000000
20220624001500
20220624003000
20220624004500
20220624010000
20220624011500
20220624013000
20220624014500
20220624020000
20220624021500
20220624023000
20220624024500
20220624030000
20220624031500
20220624033000
20220624034500
20220624040000
20220624041500
20220624043000
20220624044500
20220624050000
20220624051500
20220624053000
20220624054500
20220624060000
20220624061500
20220624063000
20220624064500
20220624070000
20220624071500
20220624073000
20220624074500
20220624080000
20220624081500
20220624083000
20220624084500
20220624090000
20220624091500
20220624093000
20220624094500
20220624100000
20220624101500
20220624103000
20220624104500
20220624110000
20220624111500
20220624113000
20220624114500
20220624120000
20220624121500
20220624123000
20220624124500
20220624130000
20220624131500
20220624133000
20220624134500
20220624140000
20220624141500
20220624143000
20220624144500
20220624150000
20220624151500
20220624153000
20220624154500
20220624160000
20220624161500
20220624163000
20220624164500
20220624170000
20220624171500
20220624173000
20220624174500
20220624180000
20220624181500
20220624183000
20220624184500
20220624190000
20220624191500
20220624193000
20220624194500
20220624200000
20220624201500
20220624203000
20220624204500
20220624210000
20220624211500
20220624213000
20220624214500
20220624220000
20220624221500
20220624223000
20220624224500
20220624230000
20220624231500
20220624233000
20220624234500
20220625000000
20220625001500
20220625003000
20220625004500
20220625010000
20220625011500
20220625013000
20220625014500
20220625020000
20220625021500
20220625023000
20220625024500
20220625030000
20220625031500
20220625033000
20220625034500
20220625040000
20220625041500
20220625043000
20220625044500
20220625050000
20220625051500
20220625053000
20220625054500
20220625060000
20220625061500
20220625063000
20220625064500
20220625070000
20220625071500
20220625073000
20220625074500
20220625080000
20220625081500
20220625083000
20220625084500
20220625090000
20220625091500
20220625093000
20220625094500
20220625100000
20220625101500
20220625103000
20220625104500
20220625110000
20220625111500
20220625113000
20220625114500
20220625120000
20220625121500
20220625123000
20220625124500
20220625130000
20220625131500
20220625133000
20220625134500
20220625140000
20220625141500
20220625143000
20220625144500
20220625150000
20220625151500
20220625153000
20220625154500
20220625160000
20220625161500
20220625163000
20220625164500
20220625170000
20220625171500
20220625173000
20220625174500
20220625180000
20220625181500
20220625183000
20220625184500
20220625190000
20220625191500
20220625193000
20220625194500
20220625200000
20220625201500
20220625203000
20220625204500
20220625210000
20220625211500
20220625213000
20220625214500
20220625220000
20220625221500
20220625223000
20220625224500
20220625230000
20220625231500
20220625233000
20220625234500
20220626000000
20220626001500
20220626003000
20220626004500
20220626010000
20220626011500
20220626013000
20220626014500
20220626020000
20220626021500
20220626023000
20220626024500
20220626030000
20220626031500
20220626033000
20220626034500
20220626040000
20220626041500
20220626043000
20220626044500
20220626050000
20220626051500
20220626053000
20220626054500
20220626060000
20220626061500
20220626063000
20220626064500
20220626070000
20220626071500
20220626073000
20220626074500
20220626080000
20220626081500
20220626083000
20220626084500
20220626090000
20220626091500
20220626093000
20220626094500
20220626100000
20220626101500
20220626103000
20220626104500
20220626110000
20220626111500
20220626113000
20220626114500
20220626120000
20220626121500
20220626123000
20220626124500
20220626130000
20220626131500
20220626133000
20220626134500
20220626140000
20220626141500
20220626143000
20220626144500
20220626150000
20220626151500
20220626153000
20220626154500
20220626160000
20220626161500
20220626163000
20220626164500
20220626170000
20220626171500
20220626173000
20220626174500
20220626180000
20220626181500
20220626183000
20220626184500
20220626190000
20220626191500
20220626193000
20220626194500
20220626200000
20220626201500
20220626203000
20220626204500
20220626210000
20220626211500
20220626213000
20220626214500
20220626220000
20220626221500
20220626223000
20220626224500
20220626230000
20220626231500
20220626233000
20220626234500
20220627000000
20220627001500
20220627003000
20220627004500
20220627010000
20220627011500
20220627013000
20220627014500
20220627020000
20220627021500
20220627023000
20220627024500
20220627030000
20220627031500
20220627033000
20220627034500
20220627040000
20220627041500
20220627043000
20220627044500
20220627050000
20220627051500
20220627053000
20220627054500
20220627060000
20220627061500
20220627063000
20220627064500
20220627070000
20220627071500
20220627073000
20220627074500
20220627080000
20220627081500
20220627083000
20220627084500
20220627090000
20220627091500
20220627093000
20220627094500
20220627100000
20220627101500
20220627103000
20220627104500
20220627110000
20220627111500
20220627113000
20220627114500
20220627120000
20220627121500
20220627123000
20220627124500
20220627130000
20220627131500
20220627133000
20220627134500
20220627140000
20220627141500
20220627143000
20220627144500
20220627150000
20220627151500
20220627153000
20220627154500
20220627160000
20220627161500
20220627163000
20220627164500
20220627170000
20220627171500
20220627173000
20220627174500
20220627180000
20220627181500
20220627183000
20220627184500
20220627190000
20220627191500
20220627193000
20220627194500
20220627200000
20220627201500
20220627203000
20220627204500
20220627210000
20220627211500
20220627213000
20220627214500
20220627220000
20220627221500
20220627223000
20220627224500
20220627230000
20220627231500
20220627233000
20220627234500
20220628000000
20220628001500
20220628003000
20220628004500
20220628010000
20220628011500
20220628013000
20220628014500
20220628020000
20220628021500
20220628023000
20220628024500
20220628030000
20220628031500
20220628033000
20220628034500
20220628040000
20220628041500
20220628043000
20220628044500
20220628050000
20220628051500
20220628053000
20220628054500
20220628060000
20220628061500
20220628063000
20220628064500
20220628070000
20220628071500
20220628073000
20220628074500
20220628080000
20220628081500
20220628083000
20220628084500
20220628090000
20220628091500
20220628093000
20220628094500
20220628100000
20220628101500
20220628103000
20220628104500
20220628110000
20220628111500
20220628113000
20220628114500
20220628120000
20220628121500
20220628123000
20220628124500
20220628130000
20220628131500
20220628133000
20220628134500
20220628140000
20220628141500
20220628143000
20220628144500
20220628150000
20220628151500
20220628153000
20220628154500
20220628160000
20220628161500
20220628163000
20220628164500
20220628170000
20220628171500
20220628173000
20220628174500
20220628180000
20220628181500
20220628183000
20220628184500
20220628190000
20220628191500
20220628193000
20220628194500
20220628200000
20220628201500
20220628203000
20220628204500
20220628210000
20220628211500
20220628213000
20220628214500
20220628220000
20220628221500
20220628223000
20220628224500
20220628230000
20220628231500
20220628233000
20220628234500
20220629000000
20220629001500
20220629003000
20220629004500
20220629010000
20220629011500
20220629013000
20220629014500
20220629020000
20220629021500
20220629023000
20220629024500
20220629030000
20220629031500
20220629033000
20220629034500
20220629040000
20220629041500
20220629043000
20220629044500
20220629050000
20220629051500
20220629053000
20220629054500
20220629060000
20220629061500
20220629063000
20220629064500
20220629070000
20220629071500
20220629073000
20220629074500
20220629080000
20220629081500
20220629083000
20220629084500
20220629090000
20220629091500
20220629093000
20220629094500
20220629100000
20220629101500
20220629103000
20220629104500
20220629110000
20220629111500
20220629113000
20220629114500
20220629120000
20220629121500
20220629123000
20220629124500
20220629130000
20220629131500
20220629133000
20220629134500
20220629140000
20220629141500
20220629143000
20220629144500
20220629150000
20220629151500
20220629153000
20220629154500
20220629160000
20220629161500
20220629163000
20220629164500
20220629170000
20220629171500
20220629173000
20220629174500
20220629180000
20220629181500
20220629183000
20220629184500
20220629190000
20220629191500
20220629193000
20220629194500
20220629200000
20220629201500
20220629203000
20220629204500
20220629210000
20220629211500
20220629213000
20220629214500
20220629220000
20220629221500
20220629223000
20220629224500
20220629230000
20220629231500
20220629233000
20220629234500
20220630000000
20220630001500
20220630003000
20220630004500
20220630010000
20220630011500
20220630013000
20220630014500
20220630020000
20220630021500
20220630023000
20220630024500
20220630030000
20220630031500
20220630033000
20220630034500
20220630040000
20220630041500
20220630043000
20220630044500
20220630050000
20220630051500
20220630053000
20220630054500
20220630060000
20220630061500
20220630063000
20220630064500
20220630070000
20220630071500
20220630073000
20220630074500
20220630080000
20220630081500
20220630083000
20220630084500
20220630090000
20220630091500
20220630093000
20220630094500
20220630100000
20220630101500
20220630103000
20220630104500
20220630110000
20220630111500
20220630113000
20220630114500
20220630120000
20220630121500
20220630123000
20220630124500
20220630130000
20220630131500
20220630133000
20220630134500
20220630140000
20220630141500
20220630143000
20220630144500
20220630150000
20220630151500
20220630153000
20220630154500
20220630160000
20220630161500
20220630163000
20220630164500
20220630170000
20220630171500
20220630173000
20220630174500
20220630180000
20220630181500
20220630183000
20220630184500
20220630190000
20220630191500
20220630193000
20220630194500
20220630200000
20220630201500
20220630203000
20220630204500
20220630210000
20220630211500
20220630213000
20220630214500
20220630220000
20220630221500
20220630223000
20220630224500
20220630230000
20220630231500
20220630233000
20220630234500
20220701000000
20220701001500
20220701003000
20220701004500
20220701010000
20220701011500
20220701013000
20220701014500
20220701020000
20220701021500
20220701023000
20220701024500
20220701030000
20220701031500
20220701033000
20220701034500
20220701040000
20220701041500
20220701043000
20220701044500
20220701050000
20220701051500
20220701053000
20220701054500
20220701060000
20220701061500
20220701063000
20220701064500
20220701070000
20220701071500
20220701073000
20220701074500
20220701080000
20220701081500
20220701083000
20220701084500
20220701090000
20220701091500
20220701093000
20220701094500
20220701100000
20220701101500
20220701103000
20220701104500
20220701110000
20220701111500
20220701113000
20220701114500
20220701120000
20220701121500
20220701123000
20220701124500
20220701130000
20220701131500
20220701133000
20220701134500
20220701140000
20220701141500
20220701143000
20220701144500
20220701150000
20220701151500
20220701153000
20220701154500
20220701160000
20220701161500
20220701163000
20220701164500
20220701170000
20220701171500
20220701173000
20220701174500
20220701180000
20220701181500
20220701183000
20220701184500
20220701190000
20220701191500
20220701193000
20220701194500
20220701200000
20220701201500
20220701203000
20220701204500
20220701210000
20220701211500
20220701213000
20220701214500
20220701220000
20220701221500
20220701223000
20220701224500
20220701230000
20220701231500
20220701233000
20220701234500
20220702000000
20220702001500
20220702003000
20220702004500
20220702010000
20220702011500
20220702013000
20220702014500
20220702020000
20220702021500
20220702023000
20220702024500
20220702030000
20220702031500
20220702033000
20220702034500
20220702040000
20220702041500
20220702043000
20220702044500
20220702050000
20220702051500
20220702053000
20220702054500
20220702060000
20220702061500
20220702063000
20220702064500
20220702070000
20220702071500
20220702073000
20220702074500
20220702080000
20220702081500
20220702083000
20220702084500
20220702090000
20220702091500
20220702093000
20220702094500
20220702100000
20220702101500
20220702103000
20220702104500
20220702110000
20220702111500
20220702113000
20220702114500
20220702120000
20220702121500
20220702123000
20220702124500
20220702130000
20220702131500
20220702133000
20220702134500
20220702140000
20220702141500
20220702143000
20220702144500
20220702150000
20220702151500
20220702153000
20220702154500
20220702160000
20220702161500
20220702163000
20220702164500
20220702170000
20220702171500
20220702173000
20220702174500
20220702180000
20220702181500
20220702183000
20220702184500
20220702190000
20220702191500
20220702193000
20220702194500
20220702200000
20220702201500
20220702203000
20220702204500
20220702210000
20220702211500
20220702213000
20220702214500
20220702220000
20220702221500
20220702223000
20220702224500
20220702230000
20220702231500
20220702233000
20220702234500
20220703000000
20220703001500
20220703003000
20220703004500
20220703010000
20220703011500
20220703013000
20220703014500
20220703020000
20220703021500
20220703023000
20220703024500
20220703030000
20220703031500
20220703033000
20220703034500
20220703040000
20220703041500
20220703043000
20220703044500
20220703050000
20220703051500
20220703053000
20220703054500
20220703060000
20220703061500
20220703063000
20220703064500
20220703070000
20220703071500
20220703073000
20220703074500
20220703080000
20220703081500
20220703083000
20220703084500
20220703090000
20220703091500
20220703093000
20220703094500
20220703100000
20220703101500
20220703103000
20220703104500
20220703110000
20220703111500
20220703113000
20220703114500
20220703120000
20220703121500
20220703123000
20220703124500
20220703130000
20220703131500
20220703133000
20220703134500
20220703140000
20220703141500
20220703143000
20220703144500
20220703150000
20220703151500
20220703153000
20220703154500
20220703160000
20220703161500
20220703163000
20220703164500
20220703170000
20220703171500
20220703173000
20220703174500
20220703180000
20220703181500
20220703183000
20220703184500
20220703190000
20220703191500
20220703193000
20220703194500
20220703200000
20220703201500
20220703203000
20220703204500
20220703210000
20220703211500
20220703213000
20220703214500
20220703220000
20220703221500
20220703223000
20220703224500
20220703230000
20220703231500
20220703233000
20220703234500
20220704000000
20220704001500
20220704003000
20220704004500
20220704010000
20220704011500
20220704013000
20220704014500
20220704020000
20220704021500
20220704023000
20220704024500
20220704030000
20220704031500
20220704033000
20220704034500
20220704040000
20220704041500
20220704043000
20220704044500
20220704050000
20220704051500
20220704053000
20220704054500
20220704060000
20220704061500
20220704063000
20220704064500
20220704070000
20220704071500
20220704073000
20220704074500
20220704080000
20220704081500
20220704083000
20220704084500
20220704090000
20220704091500
20220704093000
20220704094500
20220704100000
20220704101500
20220704103000
20220704104500
20220704110000
20220704111500
20220704113000
20220704114500
20220704120000
20220704121500
20220704123000
20220704124500
20220704130000
20220704131500
20220704133000
20220704134500
20220704140000
20220704141500
20220704143000
20220704144500
20220704150000
20220704151500
20220704153000
20220704154500
20220704160000
20220704161500
20220704163000
20220704164500
20220704170000
20220704171500
20220704173000
20220704174500
20220704180000
20220704181500
20220704183000
20220704184500
20220704190000
20220704191500
20220704193000
20220704194500
20220704200000
20220704201500
20220704203000
20220704204500
20220704210000
20220704211500
20220704213000
20220704214500
20220704220000
20220704221500
20220704223000
20220704224500
20220704230000
20220704231500
20220704233000
20220704234500
20220705000000
20220705001500
20220705003000
20220705004500
20220705010000
20220705011500
20220705013000
20220705014500
20220705020000
20220705021500
20220705023000
20220705024500
20220705030000
20220705031500
20220705033000
20220705034500
20220705040000
20220705041500
20220705043000
20220705044500
20220705050000
20220705051500
20220705053000
20220705054500
20220705060000
20220705061500
20220705063000
20220705064500
20220705070000
20220705071500
20220705073000
20220705074500
20220705080000
20220705081500
20220705083000
20220705084500
20220705090000
20220705091500
20220705093000
20220705094500
20220705100000
20220705101500
20220705103000
20220705104500
20220705110000
20220705111500
20220705113000
20220705114500
20220705120000
20220705121500
20220705123000
20220705124500
20220705130000
20220705131500
20220705133000
20220705134500
20220705140000
20220705141500
20220705143000
20220705144500
20220705150000
20220705151500
20220705153000
20220705154500
20220705160000
20220705161500
20220705163000
20220705164500
20220705170000
20220705171500
20220705173000
20220705174500
20220705180000
20220705181500
20220705183000
20220705184500
20220705190000
20220705191500
20220705193000
20220705194500
20220705200000
20220705201500
20220705203000
20220705204500
20220705210000
20220705211500
20220705213000
20220705214500
20220705220000
20220705221500
20220705223000
20220705224500
20220705230000
20220705231500
20220705233000
20220705234500
20220706000000
20220706001500
20220706003000
20220706004500
20220706010000
20220706011500
20220706013000
20220706014500
20220706020000
20220706021500
20220706023000
20220706024500
20220706030000
20220706031500
20220706033000
20220706034500
20220706040000
20220706041500
20220706043000
20220706044500
20220706050000
20220706051500
20220706053000
20220706054500
20220706060000
20220706061500
20220706063000
20220706064500
20220706070000
20220706071500
20220706073000
20220706074500
20220706080000
20220706081500
20220706083000
20220706084500
20220706090000
20220706091500
20220706093000
20220706094500
20220706100000
20220706101500
20220706103000
20220706104500
20220706110000
20220706111500
20220706113000
20220706114500
20220706120000
20220706121500
20220706123000
20220706124500
20220706130000
20220706131500
20220706133000
20220706134500
20220706140000
20220706141500
20220706143000
20220706144500
20220706150000
20220706151500
20220706153000
20220706154500
20220706160000
20220706161500
20220706163000
20220706164500
20220706170000
20220706171500
20220706173000
20220706174500
20220706180000
20220706181500
20220706183000
20220706184500
20220706190000
20220706191500
20220706193000
20220706194500
20220706200000
20220706201500
20220706203000
20220706204500
20220706210000
20220706211500
20220706213000
20220706214500
20220706220000
20220706221500
20220706223000
20220706224500
20220706230000
20220706231500
20220706233000
20220706234500
20220707000000
20220707001500
20220707003000
20220707004500
20220707010000
20220707011500
20220707013000
20220707014500
20220707020000
20220707021500
20220707023000
20220707024500
20220707030000
20220707031500
20220707033000
20220707034500
20220707040000
20220707041500
20220707043000
20220707044500
20220707050000
20220707051500
20220707053000
20220707054500
20220707060000
20220707061500
20220707063000
20220707064500
20220707070000
20220707071500
20220707073000
20220707074500
20220707080000
20220707081500
20220707083000
20220707084500
20220707090000
20220707091500
20220707093000
20220707094500
20220707100000
20220707101500
20220707103000
20220707104500
20220707110000
20220707111500
20220707113000
20220707114500
20220707120000
20220707121500
20220707123000
20220707124500
20220707130000
20220707131500
20220707133000
20220707134500
20220707140000
20220707141500
20220707143000
20220707144500
20220707150000
20220707151500
20220707153000
20220707154500
20220707160000
20220707161500
20220707163000
20220707164500
20220707170000
20220707171500
20220707173000
20220707174500
20220707180000
20220707181500
20220707183000
20220707184500
20220707190000
20220707191500
20220707193000
20220707194500
20220707200000
20220707201500
20220707203000
20220707204500
20220707210000
20220707211500
20220707213000
20220707214500
20220707220000
20220707221500
20220707223000
20220707224500
20220707230000
20220707231500
20220707233000
20220707234500
20220708000000
20220708001500
20220708003000
20220708004500
20220708010000
20220708011500
20220708013000
20220708014500
20220708020000
20220708021500
20220708023000
20220708024500
20220708030000
20220708031500
20220708033000
20220708034500
20220708040000
20220708041500
20220708043000
20220708044500
20220708050000
20220708051500
20220708053000
20220708054500
20220708060000
20220708061500
20220708063000
20220708064500
20220708070000
20220708071500
20220708073000
20220708074500
20220708080000
20220708081500
20220708083000
20220708084500
20220708090000
20220708091500
20220708093000
20220708094500
20220708100000
20220708101500
20220708103000
20220708104500
20220708110000
20220708111500
20220708113000
20220708114500
20220708120000
20220708121500
20220708123000
20220708124500
20220708130000
20220708131500
20220708133000
20220708134500
20220708140000
20220708141500
20220708143000
20220708144500
20220708150000
20220708151500
20220708153000
20220708154500
20220708160000
20220708161500
20220708163000
20220708164500
20220708170000
20220708171500
20220708173000
20220708174500
20220708180000
20220708181500
20220708183000
20220708184500
20220708190000
20220708191500
20220708193000
20220708194500
20220708200000
20220708201500
20220708203000
20220708204500
20220708210000
20220708211500
20220708213000
20220708214500
20220708220000
20220708221500
20220708223000
20220708224500
20220708230000
20220708231500
20220708233000
20220708234500
20220709000000
20220709001500
20220709003000
20220709004500
20220709010000
20220709011500
20220709013000
20220709014500
20220709020000
20220709021500
20220709023000
20220709024500
20220709030000
20220709031500
20220709033000
20220709034500
20220709040000
20220709041500
20220709043000
20220709044500
20220709050000
20220709051500
20220709053000
20220709054500
20220709060000
20220709061500
20220709063000
20220709064500
20220709070000
20220709071500
20220709073000
20220709074500
20220709080000
20220709081500
20220709083000
20220709084500
20220709090000
20220709091500
20220709093000
20220709094500
20220709100000
20220709101500
20220709103000
20220709104500
20220709110000
20220709111500
20220709113000
20220709114500
20220709120000
20220709121500
20220709123000
20220709124500
20220709130000
20220709131500
20220709133000
20220709134500
20220709140000
20220709141500
20220709143000
20220709144500
20220709150000
20220709151500
20220709153000
20220709154500
20220709160000
20220709161500
20220709163000
20220709164500
20220709170000
20220709171500
20220709173000
20220709174500
20220709180000
20220709181500
20220709183000
20220709184500
20220709190000
20220709191500
20220709193000
20220709194500
20220709200000
20220709201500
20220709203000
20220709204500
20220709210000
20220709211500
20220709213000
20220709214500
20220709220000
20220709221500
20220709223000
20220709224500
20220709230000
20220709231500
20220709233000
20220709234500
20220710000000
20220710001500
20220710003000
20220710004500
20220710010000
20220710011500
20220710013000
20220710014500
20220710020000
20220710021500
20220710023000
20220710024500
20220710030000
20220710031500
20220710033000
20220710034500
20220710040000
20220710041500
20220710043000
20220710044500
20220710050000
20220710051500
20220710053000
20220710054500
20220710060000
20220710061500
20220710063000
20220710064500
20220710070000
20220710071500
20220710073000
20220710074500
20220710080000
20220710081500
20220710083000
20220710084500
20220710090000
20220710091500
20220710093000
20220710094500
20220710100000
20220710101500
20220710103000
20220710104500
20220710110000
20220710111500
20220710113000
20220710114500
20220710120000
20220710121500
20220710123000
20220710124500
20220710130000
20220710131500
20220710133000
20220710134500
20220710140000
20220710141500
20220710143000
20220710144500
20220710150000
20220710151500
20220710153000
20220710154500
20220710160000
20220710161500
20220710163000
20220710164500
20220710170000
20220710171500
20220710173000
20220710174500
20220710180000
20220710181500
20220710183000
20220710184500
20220710190000
20220710191500
20220710193000
20220710194500
20220710200000
20220710201500
20220710203000
20220710204500
20220710210000
20220710211500
20220710213000
20220710214500
20220710220000
20220710221500
20220710223000
20220710224500
20220710230000
20220710231500
20220710233000
20220710234500
20220711000000
20220711001500
20220711003000
20220711004500
20220711010000
20220711011500
20220711013000
20220711014500
20220711020000
20220711021500
20220711023000
20220711024500
20220711030000
20220711031500
20220711033000
20220711034500
20220711040000
20220711041500
20220711043000
20220711044500
20220711050000
20220711051500
20220711053000
20220711054500
20220711060000
20220711061500
20220711063000
20220711064500
20220711070000
20220711071500
20220711073000
20220711074500
20220711080000
20220711081500
20220711083000
20220711084500
20220711090000
20220711091500
20220711093000
20220711094500
20220711100000
20220711101500
20220711103000
20220711104500
20220711110000
20220711111500
20220711113000
20220711114500
20220711120000
20220711121500
20220711123000
20220711124500
20220711130000
20220711131500
20220711133000
20220711134500
20220711140000
20220711141500
20220711143000
20220711144500
20220711150000
20220711151500
20220711153000
20220711154500
20220711160000
20220711161500
20220711163000
20220711164500
20220711170000
20220711171500
20220711173000
20220711174500
20220711180000
20220711181500
20220711183000
20220711184500
20220711190000
20220711191500
20220711193000
20220711194500
20220711200000
20220711201500
20220711203000
20220711204500
20220711210000
20220711211500
20220711213000
20220711214500
20220711220000
20220711221500
20220711223000
20220711224500
20220711230000
20220711231500
20220711233000
20220711234500
20220712000000
20220712001500
20220712003000
20220712004500
20220712010000
20220712011500
20220712013000
20220712014500
20220712020000
20220712021500
20220712023000
20220712024500
20220712030000
20220712031500
20220712033000
20220712034500
20220712040000
20220712041500
20220712043000
20220712044500
20220712050000
20220712051500
20220712053000
20220712054500
20220712060000
20220712061500
20220712063000
20220712064500
20220712070000
20220712071500
20220712073000
20220712074500
20220712080000
20220712081500
20220712083000
20220712084500
20220712090000
20220712091500
20220712093000
20220712094500
20220712100000
20220712101500
20220712103000
20220712104500
20220712110000
20220712111500
20220712113000
20220712114500
20220712120000
20220712121500
20220712123000
20220712124500
20220712130000
20220712131500
20220712133000
20220712134500
20220712140000
20220712141500
20220712143000
20220712144500
20220712150000
20220712151500
20220712153000
20220712154500
20220712160000
20220712161500
20220712163000
20220712164500
20220712170000
20220712171500
20220712173000
20220712174500
20220712180000
20220712181500
20220712183000
20220712184500
20220712190000
20220712191500
20220712193000
20220712194500
20220712200000
20220712201500
20220712203000
20220712204500
20220712210000
20220712211500
20220712213000
20220712214500
20220712220000
20220712221500
20220712223000
20220712224500
20220712230000
20220712231500
20220712233000
20220712234500
20220713000000
20220713001500
20220713003000
20220713004500
20220713010000
20220713011500
20220713013000
20220713014500
20220713020000
20220713021500
20220713023000
20220713024500
20220713030000
20220713031500
20220713033000
20220713034500
20220713040000
20220713041500
20220713043000
20220713044500
20220713050000
20220713051500
20220713053000
20220713054500
20220713060000
20220713061500
20220713063000
20220713064500
20220713070000
20220713071500
20220713073000
20220713074500
20220713080000
20220713081500
20220713083000
20220713084500
20220713090000
20220713091500
20220713093000
20220713094500
20220713100000
20220713101500
20220713103000
20220713104500
20220713110000
20220713111500
20220713113000
20220713114500
20220713120000
20220713121500
20220713123000
20220713124500
20220713130000
20220713131500
20220713133000
20220713134500
20220713140000
20220713141500
20220713143000
20220713144500
20220713150000
20220713151500
20220713153000
20220713154500
20220713160000
20220713161500
20220713163000
20220713164500
20220713170000
20220713171500
20220713173000
20220713174500
20220713180000
20220713181500
20220713183000
20220713184500
20220713190000
20220713191500
20220713193000
20220713194500
20220713200000
20220713201500
20220713203000
20220713204500
20220713210000
20220713211500
20220713213000
20220713214500
20220713220000
20220713221500
20220713223000
20220713224500
20220713230000
20220713231500
20220713233000
20220713234500
20220714000000
20220714001500
20220714003000
20220714004500
20220714010000
20220714011500
20220714013000
20220714014500
20220714020000
20220714021500
20220714023000
20220714024500
20220714030000
20220714031500
20220714033000
20220714034500
20220714040000
20220714041500
20220714043000
20220714044500
20220714050000
20220714051500
20220714053000
20220714054500
20220714060000
20220714061500
20220714063000
20220714064500
20220714070000
20220714071500
20220714073000
20220714074500
20220714080000
20220714081500
20220714083000
20220714084500
20220714090000
20220714091500
20220714093000
20220714094500
20220714100000
20220714101500
20220714103000
20220714104500
20220714110000
20220714111500
20220714113000
20220714114500
20220714120000
20220714121500
20220714123000
20220714124500
20220714130000
20220714131500
20220714133000
20220714134500
20220714140000
20220714141500
20220714143000
20220714144500
20220714150000
20220714151500
20220714153000
20220714154500
20220714160000
20220714161500
20220714163000
20220714164500
20220714170000
20220714171500
20220714173000
20220714174500
20220714180000
20220714181500
20220714183000
20220714184500
20220714190000
20220714191500
20220714193000
20220714194500
20220714200000
20220714201500
20220714203000
20220714204500
20220714210000
20220714211500
20220714213000
20220714214500
20220714220000
20220714221500
20220714223000
20220714224500
20220714230000
20220714231500
20220714233000
20220714234500
20220715000000
20220715001500
20220715003000
20220715004500
20220715010000
20220715011500
20220715013000
20220715014500
20220715020000
20220715021500
20220715023000
20220715024500
20220715030000
20220715031500
20220715033000
20220715034500
20220715040000
20220715041500
20220715043000
20220715044500
20220715050000
20220715051500
20220715053000
20220715054500
20220715060000
20220715061500
20220715063000
20220715064500
20220715070000
20220715071500
20220715073000
20220715074500
20220715080000
20220715081500
20220715083000
20220715084500
20220715090000
20220715091500
20220715093000
20220715094500
20220715100000
20220715101500
20220715103000
20220715104500
20220715110000
20220715111500
20220715113000
20220715114500
20220715120000
20220715121500
20220715123000
20220715124500
20220715130000
20220715131500
20220715133000
20220715134500
20220715140000
20220715141500
20220715143000
20220715144500
20220715150000
20220715151500
20220715153000
20220715154500
20220715160000
20220715161500
20220715163000
20220715164500
20220715170000
20220715171500
20220715173000
20220715174500
20220715180000
20220715181500
20220715183000
20220715184500
20220715190000
20220715191500
20220715193000
20220715194500
20220715200000
20220715201500
20220715203000
20220715204500
20220715210000
20220715211500
20220715213000
20220715214500
20220715220000
20220715221500
20220715223000
20220715224500
20220715230000
20220715231500
20220715233000
20220715234500
